name,url,cuisine,price_for_two,area,distance
L7 Club & Lounge,https://www.zomato.com/pune/l7-club-lounge-koregaon-park/info,"North Indian, Continental, Finger Food, Biryani","₹1,300 for two","Koregaon Park, Pune",4.8 km
FML - Food Music Love,https://www.zomato.com/pune/fml-food-music-love-magarpatta/info,"North Indian, Oriental, Pizza, Continental, Kebab, Biryani, Arabian, Desserts","₹1,900 for two","Magarpatta, Pune",7.8 km
Plink,https://www.zomato.com/pune/plink-yerawada/info,"Italian, Continental, Mughlai, Chinese, Salad, Pizza, Fast Food","₹3,000 for two","Yerawada, Pune
Opens at 5pm",5.7 km
OleOle - The Luxurious Club,https://www.zomato.com/pune/oleole-the-luxurious-club-baner/info,"Bar Food, North Indian, Continental, Alcoholic Beverages, Finger Food, Chinese, Pizza, Seafood","₹1,200 for two","Baner, Pune",7.2 km
Foo KOPA,https://www.zomato.com/pune/foo-kopa-mundhwa/info,"Asian, Sushi, Chinese, Desserts, Beverages","₹2,000 for two","Mundhwa, Pune",5.7 km
2BHK Diner & Key Club,https://www.zomato.com/pune/2bhk-diner-key-club-bund-garden/info,"North Indian, Mediterranean, European, Finger Food, Italian, American, Beverages","₹3,000 for two","Bund Garden Road, Pune",2 km
Fountain House,https://www.zomato.com/pune/fountain-house-2-shivaji-nagar/info,"North Indian, Fast Food, Desserts, Beverages",₹950 for two,"Shivaji Nagar, Pune",3 km
Epitome,https://www.zomato.com/pune/epitome-bund-garden/info,"North Indian, Sushi, Asian, Italian, Chinese, Fast Food, Desserts, Beverages","₹1,600 for two","Bund Garden Road, Pune",2 km
Mosaic - Crowne Plaza Pune City Centre,https://www.zomato.com/pune/mosaic-crowne-plaza-pune-city-centre-bund-garden/info,"North Indian, Fast Food, American, Beverages, Desserts, Asian","₹3,000 for two","Bund Garden Road, Pune",2.4 km
Backstage,https://www.zomato.com/pune/backstage-nibm-road/info,"Continental, North Indian, Mughlai, Seafood, Biryani, Chinese, Fast Food, Desserts","₹1,200 for two","NIBM Road, Pune",7.6 km
FC Road Social,https://www.zomato.com/pune/fc-road-social-shivaji-nagar/info,"North Indian, Biryani, Pizza, Street Food, Bar Food, Korean, Desserts","₹1,500 for two","Shivaji Nagar, Pune",1.7 km
SKYE - Rooftop by Eternia,https://www.zomato.com/pune/skye-rooftop-by-eternia-senapati-bapat-road/info,"North Indian, Chinese, Fast Food, Biryani, Mughlai, Oriental, Continental, Desserts","₹2,000 for two","Senapati Bapat Road, Pune",3.2 km
Goldfinch Family Kitchen And Bar,https://www.zomato.com/pune/goldfinch-family-kitchen-and-bar-shivaji-nagar/info,"North Indian, South Indian, Chinese","₹1,500 for two","Shivaji Nagar, Pune",1.5 km
Mamagoto,https://www.zomato.com/pune/mamagoto-senapati-bapat-road/info,"Asian, Sushi, Japanese, Thai, Salad, Desserts, Chinese","₹1,500 for two","Senapati Bapat Road, Pune",3.2 km
Effingut,https://www.zomato.com/pune/effingut-2-koregaon-park/info,"Chinese, Continental, North Indian, Oriental, Finger Food, Italian, Beverages","₹2,500 for two","Koregaon Park, Pune",4.7 km
English House,https://www.zomato.com/pune/english-house-viman-nagar/info,"North Indian, Continental, Italian, Pizza","₹2,000 for two","Viman Nagar, Pune",8.2 km
Planet 9,https://www.zomato.com/pune/planet-9-bavdhan/info,"North Indian, Mughlai, Mexican, Biryani, Beverages","₹2,000 for two","Bavdhan, Pune",10.2 km
Agent Jack's,https://www.zomato.com/pune/agent-jacks-hadapsar/info,"Bar Food, North Indian, Pasta, Continental, Thai, Oriental, Chinese, Pizza","₹1,800 for two","Hadapsar, Pune",8.2 km
Aloraa Garden Kitchen & Bar,https://www.zomato.com/pune/aloraa-garden-kitchen-bar-baner/info,"Maharashtrian, Continental, Chinese, Kebab, Biryani, Fast Food, Desserts, Bar Food","₹1,500 for two","Baner, Pune
Closes in 37 minutes",10.8 km
Chug Biergarten,https://www.zomato.com/pune/chug-biergarten-baner/info,"Continental, Oriental, Burger, Modern Indian, Pizza, Asian, Desserts, Alcoholic Beverages","₹1,500 for two","Baner, Pune",8.2 km
Teera,https://www.zomato.com/pune/teera-wakad/info,"North Indian, Continental, Mughlai, Chinese, Fast Food, Desserts, Beverages, Shake","₹1,800 for two","Wakad, Pune",11.9 km
Kyma,https://www.zomato.com/pune/kyma-mundhwa/info,"Asian, Mediterranean, Sushi, Kebab","₹1,000 for two","Mundhwa, Pune",5.8 km
Klinq - Cocktails & Cuisine,https://www.zomato.com/pune/klinq-cocktails-cuisine-viman-nagar/info,"North Indian, European, Asian, Continental, Italian, Lebanese, Bar Food, Desserts","₹1,500 for two","Viman Nagar, Pune",7.5 km
Dhaba - Estd 1986 Delhi,https://www.zomato.com/pune/dhaba-estd-1986-delhi-senapati-bapat-road/info,"North Indian, Biryani, Mughlai, Paan, Desserts","₹1,500 for two","Senapati Bapat Road, Pune",3.2 km
Cherie,https://www.zomato.com/pune/cherie-hinjawadi/info,"Asian, Modern Indian, Chinese, Italian, Salad, Continental, Desserts","₹1,900 for two","Hinjawadi, Pune",13.4 km
Mister Merchant’s,https://www.zomato.com/pune/mister-merchants-kalyani-nagar/info,"Middle Eastern, Arabian, Kebab, Lebanese, Mediterranean","₹2,000 for two","Kalyani Nagar, Pune
Closes in 37 minutes",6 km
Mocha,https://www.zomato.com/pune/mocha-salunkhe-vihar-road/info,"North Indian, Chinese, Fast Food","₹1,500 for two","Salunkhe Vihar Road, Pune",6.6 km
High Garden,https://www.zomato.com/pune/high-garden-1-senapati-bapat-road/info,"North Indian, Chinese, Italian, Biryani, Desserts, Bar Food, Finger Food, Kebab","₹1,400 for two","Senapati Bapat Road, Pune",3.4 km
Elephant & Co.,https://www.zomato.com/pune/elephant-co-baner/info,"Continental, Salad, Asian, Italian, Desserts, Beverages","₹2,000 for two","Baner, Pune",9.4 km
Upper Deck,https://www.zomato.com/pune/upper-deck-nibm-road/info,"North Indian, Chinese, Biryani, Oriental, Pizza, Fast Food, Desserts, Beverages","₹1,400 for two","NIBM Road, Pune",7.9 km
Rio Kitchen & Bar,https://www.zomato.com/pune/rio-kitchen-bar-1-hinjawadi/info,"Chinese, Continental, Pasta, North Indian, Salad, BBQ, Fast Food, Beverages","₹1,400 for two","Hinjawadi, Pune
Opens at 4pm",14.1 km
Tales & Spirits,https://www.zomato.com/pune/tales-spirits-senapati-bapat-road/info,"Italian, Continental, North Indian, Biryani, Pizza, Bar Food, Desserts, Beverages","₹1,800 for two","Senapati Bapat Road, Pune",3.2 km
TTF - The Tenth Floor,https://www.zomato.com/pune/ttf-the-tenth-floor-baner/info,"Finger Food, Chinese, Pizza, Italian, North Indian, Oriental, Bar Food, Beverages","₹1,800 for two","Baner, Pune
Opens at 5pm",7.2 km
Kukoo,https://www.zomato.com/pune/kukoo-bund-garden/info,"Continental, Asian, Italian, Modern Indian, Salad, Desserts, Alcoholic Beverages, Beverages","₹1,800 for two","Bund Garden Road, Pune",2 km
Saundarya Garden,https://www.zomato.com/pune/saundarya-garden-wakad/info,"Chinese, Rolls, Oriental, Seafood, North Indian, Mughlai, Desserts, Beverages","₹1,400 for two","Wakad, Pune",13.6 km
Local Gastro Bar,https://www.zomato.com/pune/local-gastro-bar-koregaon-park/info,"Pizza, Bar Food, Beverages","₹2,300 for two","Koregaon Park, Pune
Opens at 4pm",5.9 km
Acai,https://www.zomato.com/pune/acai-dhole-patil-road/info,"North Indian, Continental, Italian, Pizza, Bar Food","₹2,000 for two","Dhole Patil Road, Pune",2.1 km
Carmine Radisson Blu Hotel,https://www.zomato.com/pune/carmine-radisson-blu-hotel-kharadi/info,"Continental, North Indian, Asian, Seafood, Pizza, Fast Food, Biryani, Beverages","₹3,500 for two","Kharadi, Pune",9.3 km
The Daily All Day,https://www.zomato.com/pune/the-daily-all-day-1-koregaon-park/info,"European, Asian, Continental, Italian, Salad, Pizza, Desserts","₹1,200 for two","Koregaon Park, Pune",4.8 km
Classico Kitchen & Bar,https://www.zomato.com/pune/classico-kitchen-bar-erandwane/info,"Fast Food, Chinese, Salad, Continental, Italian, Pasta, Pizza, North Indian","₹1,800 for two","Erandwane, Pune",2.6 km
Sante Spa Cuisine,https://www.zomato.com/pune/sante-spa-cuisine-1-koregaon-park/info,"Healthy Food, Asian, European, Italian, Thai, North Indian, Lebanese, Beverages","₹1,400 for two","Koregaon Park, Pune",3.8 km
Little Italy,https://www.zomato.com/pune/little-italy-shivaji-nagar/info,"Italian, Pizza, Pasta, Continental, Desserts, Healthy Food, Beverages","₹2,000 for two","Shivaji Nagar, Pune",2.5 km
Akasa Poolbar & Kitchen,https://www.zomato.com/pune/akasa-poolbar-kitchen-wakad/info,"Continental, North Indian, Bar Food, Asian, Italian","₹2,000 for two","Wakad, Pune",12.9 km
Open Window Cafe Bistro,https://www.zomato.com/pune/open-window-cafe-bistro-shivaji-nagar/info,"Italian, Continental, BBQ, Sandwich, Salad, Fast Food, Beverages","₹1,200 for two","Shivaji Nagar, Pune",1.9 km
The Gulmohar Bar & Curry House,https://www.zomato.com/pune/the-gulmohar-bar-curry-house-baner/info,"North Indian, South Indian, Biryani, Seafood","₹1,500 for two","Baner, Pune",8.1 km
The Cult - Terra,https://www.zomato.com/pune/the-cult-terra-magarpatta/info,"Pizza, Continental, North Indian, Chinese, Italian, Bar Food, Desserts, Beverages","₹1,800 for two","Magarpatta, Pune",6.7 km
Chaurahe Ke Paar,https://www.zomato.com/pune/chaurahe-ke-paar-koregaon-park/info,"North Indian, Continental, Bar Food, Pizza, Italian, Biryani, Mughlai, Cafe","₹1,600 for two","Koregaon Park, Pune",4.8 km
Punjab Exotica,https://www.zomato.com/pune/punjab-exotica-hadapsar/info,"Maharashtrian, North Indian, Seafood, Biryani, Chinese, Pizza, Fast Food, Desserts","₹1,300 for two","Hadapsar, Pune",8.3 km
Retox,https://www.zomato.com/pune/retox-erandwane/info,"North Indian, Chinese, Continental, Italian, Salad, Bar Food, Sichuan, Beverages","₹1,200 for two","Erandwane, Pune",3.5 km
Ba Da Bom,https://www.zomato.com/pune/ba-da-bom-dhole-patil-road/info,"Korean, Asian, Coffee","₹2,300 for two","Dhole Patil Road, Pune",2.1 km
Gong,https://www.zomato.com/pune/gong-baner/info,"Chinese, Sushi, Asian, Japanese, Thai, Salad, Desserts, Beverages","₹2,000 for two","Baner, Pune
Closes in 7 minutes",10.3 km
Cibbo- Caffe & Bar,https://www.zomato.com/pune/cibbo-caffe-bar-shivaji-nagar/info,"Bar Food, Pizza, Burger, Continental, Desserts, European, Kebab","₹1,200 for two","Shivaji Nagar, Pune",1.7 km
Persian Darbar,https://www.zomato.com/pune/persian-darbar-camp-area/info,"North Indian, Mughlai, Kebab, Biryani, Seafood, Chinese, Desserts, Beverages","₹1,200 for two","Camp Area, Pune",1.8 km
Yeti The Himalayan Kitchen,https://www.zomato.com/pune/yeti-the-himalayan-kitchen-kalyani-nagar/info,"Nepalese, Chinese, Tibetan, Momos, Healthy Food, Shake, Beverages, Asian","₹1,500 for two","Kalyani Nagar, Pune",5.8 km
Spice Factory,https://www.zomato.com/pune/spice-factory-nibm-road/info,"Continental, North Indian, Mughlai, Pizza, Beverages","₹1,800 for two","NIBM Road, Pune",7.6 km
La Sicilia Bistro & Patisserie,https://www.zomato.com/pune/la-sicilia-bistro-patisserie-kothrud/info,"Continental, Italian, Salad, Sandwich, Burger, Desserts, Coffee, Beverages","₹1,400 for two","Kothrud, Pune",4.2 km
Spice Kitchen - JW Marriott Pune,https://www.zomato.com/pune/spice-kitchen-jw-marriott-pune-senapati-bapat-road/info,"Italian, Asian, North Indian, South Indian, European","₹3,800 for two","Senapati Bapat Road, Pune",3.1 km
Donna Cucina,https://www.zomato.com/pune/donna-cucina-kalyani-nagar/info,"Italian, Pasta, Pizza, European, Coffee, Panini, Desserts, Continental","₹1,200 for two","Kalyani Nagar, Pune",5.8 km
Tipplr,https://www.zomato.com/pune/tipplr-deccan-gymkhana/info,"Continental, Asian, North Indian, Alcoholic Beverages","₹1,400 for two","Deccan Gymkhana, Pune",2.5 km
Highland,https://www.zomato.com/pune/highland-nibm-road/info,"Finger Food, Chinese, Sandwich, Continental, Oriental, Pizza, Desserts, Beverages","₹2,500 for two","NIBM Road, Pune",7.6 km
Yakii,https://www.zomato.com/pune/yakii-deccan-gymkhana/info,"Asian, Thai, Sushi, Desserts, Beverages","₹1,500 for two","Deccan Gymkhana, Pune
Closes in 7 minutes",1.6 km
Narrative,https://www.zomato.com/pune/narrative-mundhwa/info,"Modern Indian, Asian, Continental, Desserts","₹1,200 for two","Mundhwa, Pune",5.9 km
Atmosphere 6,https://www.zomato.com/pune/atmosphere-6-viman-nagar/info,"North Indian, Continental, Chinese, Salad, Oriental","₹2,000 for two","Viman Nagar, Pune",7.8 km
Code - The Speakeasy Bar,https://www.zomato.com/pune/code-the-speakeasy-bar-kothrud/info,"North Indian, Chinese, Continental, Fast Food, Biryani, Beverages","₹1,200 for two","Kothrud, Pune",4.9 km
Copa Cabana,https://www.zomato.com/pune/copa-cabana-pimple-nilakh/info,"North Indian, Continental, Asian, Italian, Salad, Biryani, Sandwich, Desserts","₹1,900 for two","Pimple Nilakh, Pune",10.9 km
German Bakery,https://www.zomato.com/pune/german-bakery-koregaon-park/info,"Italian, Sandwich, Pizza, Continental, Coffee, Beverages, Pasta, Desserts","₹1,300 for two","Koregaon Park, Pune",3.9 km
Ishaara,https://www.zomato.com/pune/ishaara-viman-nagar/info,"North Indian, Mughlai, Kebab, Biryani","₹1,400 for two","Viman Nagar, Pune",7.9 km
Sankalp,https://www.zomato.com/pune/sankalp-kalyani-nagar/info,"South Indian, Coffee, Fast Food","₹1,500 for two","Kalyani Nagar, Pune",6.3 km
Ava Artisan Kitchen & Bar,https://www.zomato.com/pune/ava-artisan-kitchen-bar-1-balewadi/info,"North Indian, Chinese, Continental, Sushi, Asian, Italian","₹1,200 for two","Balewadi, Pune",10.7 km
Heads Up Rooftop Bar,https://www.zomato.com/pune/heads-up-rooftop-bar-sinhgad-road/info,"North Indian, Continental, Italian, Kebab, Fast Food, Pizza, Desserts","₹2,000 for two","Sinhgad Road, Pune",6.3 km
Prem's,https://www.zomato.com/pune/prems-baner/info,"North Indian, Chinese, Continental, Pizza, Pasta, Sichuan","₹1,600 for two","Baner, Pune",9 km
Jubilee,https://www.zomato.com/pune/jubilee-koregaon-park/info,"Sandwich, Desserts, Bakery, Beverages, Coffee, Ice Cream, Pizza, Shake","₹1,100 for two","Koregaon Park, Pune",3.9 km
YOLO Gastro Lounge,https://www.zomato.com/pune/yolo-gastro-lounge-pimple-nilakh/info,"Finger Food, North Indian, Continental, Desserts, Bar Food, Beverages","₹1,900 for two","Pimple Nilakh, Pune",11 km
Coffee Nation,https://www.zomato.com/pune/coffee-nation-shivaji-nagar/info,"Cafe, Coffee, Shake, Beverages, Salad, Fast Food, Bakery, Desserts",₹850 for two,"Shivaji Nagar, Pune",1.7 km
Ishaara,https://www.zomato.com/pune/ishaara-wakad/info,"North Indian, Mughlai, Kebab, Biryani, Desserts, Beverages","₹1,400 for two","Wakad, Pune",13.6 km
Subakes,https://www.zomato.com/pune/subakes-sadashiv-peth/info,"Pizza, Pasta, Italian, Burger, Cafe, Coffee, Sandwich, Beverages",₹850 for two,"Sadashiv Peth, Pune",1.7 km
Talli Bar & Kitchen,https://www.zomato.com/pune/talli-bar-kitchen-baner/info,"Bar Food, Continental, Italian, North Indian, Chinese, Seafood, Fast Food, Beverages","₹1,900 for two","Baner, Pune",7.4 km
Ecstasy Bar And Eatery,https://www.zomato.com/pune/ecstasy-bar-and-eatery-kothrud/info,"North Indian, Chinese, Continental, Fast Food, Beverages, Desserts","₹1,800 for two","Kothrud, Pune",4.7 km
Tyk Tyk,https://www.zomato.com/pune/tyk-tyk-2-kharadi/info,"North Indian, Chinese, Biryani, South Indian, Momos, Street Food, Desserts, Beverages","₹1,500 for two","Kharadi, Pune",10.4 km
The Mafia Sky Lounge,https://www.zomato.com/pune/the-mafia-sky-lounge-chandan-nagar/info,"Continental, North Indian, Oriental, Chinese, Seafood, Kebab, Desserts","₹2,400 for two","Chandan Nagar, Pune",8.9 km
Fiori,https://www.zomato.com/pune/fiori-1-lonavala/info,"Cafe, Coffee, Sandwich, Pizza, Pasta, Fast Food, Desserts, Beverages","₹1,300 for two","Lonavala, Pune
Opens at 4pm",53.9 km
La Magia,https://www.zomato.com/pune/la-magia-koregaon-park/info,"Italian, Pizza, Pasta","₹2,500 for two","Koregaon Park, Pune",3.9 km
Cafe Co2 Resto Lounge,https://www.zomato.com/pune/cafe-co2-resto-lounge-bhugaon/info,"North Indian, Mughlai, Chinese, Continental, Kebab, Biryani, Desserts, Beverages","₹3,000 for two","Bhugaon, Pune",13.2 km
Rude Lounge,https://www.zomato.com/pune/rude-lounge-viman-nagar/info,"North Indian, Chinese","₹1,900 for two","Viman Nagar, Pune",7.9 km
Grandmama's Cafe,https://www.zomato.com/pune/grandmamas-cafe-koregaon-park/info,"Pasta, Pizza, Coffee, Cafe, Desserts, Beverages, Italian","₹1,000 for two","Koregaon Park, Pune",4.6 km
IHOP,https://www.zomato.com/pune/ihop-senapati-bapat-road/info,"Coffee, Desserts, American, Beverages, Pancake, Burger, Cafe, Italian","₹1,000 for two","Senapati Bapat Road, Pune",3.2 km
Circuit House,https://www.zomato.com/pune/circuit-house-balewadi/info,"North Indian, Italian, Continental, Chinese, Mughlai, Desserts, Beverages","₹2,000 for two","Balewadi, Pune",10.5 km
The Nook All Day Dining,https://www.zomato.com/pune/the-nook-all-day-dining-senapati-bapat-road/info,"Cafe, Coffee, Burger, Pasta, Sandwich, Wraps, Desserts, Beverages",₹500 for two,"Senapati Bapat Road, Pune",3 km
Oi Brewhouse,https://www.zomato.com/pune/oi-brewhouse-kalyani-nagar/info,"Continental, Oriental","₹1,500 for two","Kalyani Nagar, Pune",5.8 km
Kuai Kitchen,https://www.zomato.com/pune/kuai-kitchen-koregaon-park/info,"Chinese, Sushi, North Indian, Seafood, Desserts, Beverages","₹1,800 for two","Koregaon Park, Pune
Closes in 7 minutes",4.7 km
Cobbler & Crew,https://www.zomato.com/pune/cobbler-crew-kalyani-nagar/info,"Modern Indian, Continental, Asian","₹2,000 for two","Kalyani Nagar, Pune",5.8 km
daWholesum Resto Cafe,https://www.zomato.com/pune/dawholesum-resto-cafe-fc-road/info,"Healthy Food, Continental, Beverages","₹1,200 for two","FC Road, Pune",1.6 km
Rustic Sands,https://www.zomato.com/pune/rustic-sands-hinjawadi/info,"Chinese, North Indian, Biryani, Mughlai, Seafood, Beverages, Desserts","₹1,200 for two","Hinjawadi, Pune",17.9 km
SOUL - Neighbour Food Bar,https://www.zomato.com/pune/soul-neighbour-food-bar-viman-nagar/info,"North Indian, Mughlai, Kebab, Biryani, Chinese, Desserts","₹1,000 for two","Viman Nagar, Pune",7.7 km
Flow,https://www.zomato.com/pune/flow-baner/info,"Modern Indian, European, Continental, Italian, Pizza, Alcoholic Beverages, Beverages, Desserts","₹1,200 for two","Baner, Pune",8 km
Kiki,https://www.zomato.com/pune/kiki-sangamvadi/info,Bar Food,"₹1,000 for two","Sangamvadi, Pune",2.1 km
Coriander Kitchen - Conrad Pune,https://www.zomato.com/pune/coriander-kitchen-conrad-pune-bund-garden/info,"North Indian, Asian, Mediterranean, Shake","₹5,000 for two","Bund Garden Road, Pune
Closes in 7 minutes",3.1 km
Beer & Beans,https://www.zomato.com/pune/beer-beans-nibm-road/info,"Cafe, Italian, Beverages, Coffee, Desserts, Continental, Alcoholic Beverages","₹1,300 for two","NIBM Road, Pune",7.6 km
Texas Tower,https://www.zomato.com/pune/texas-tower-kharadi/info,"North Indian, Chinese, Oriental, Biryani, Mughlai, Mexican, Desserts, Beverages","₹1,900 for two","Kharadi, Pune",9.6 km
The Daark Horse,https://www.zomato.com/pune/the-daark-horse-koregaon-park/info,"North Indian, Chinese, Mughlai, Street Food, Kebab, Seafood","₹1,200 for two","Koregaon Park, Pune",4 km
Toit,https://www.zomato.com/pune/toit-1-kalyani-nagar/info,"Continental, Pizza, Fast Food, Desserts","₹1,800 for two","Kalyani Nagar, Pune",6.4 km
Soy Como Soy,https://www.zomato.com/pune/soy-como-soy-koregaon-park/info,"Japanese, Asian, Peruvian, Desserts, Beverages","₹2,500 for two","Koregaon Park, Pune
Closes in 37 minutes",4.8 km
Doolally Taproom,https://www.zomato.com/pune/doolally-taproom-1-mundhwa/info,"Continental, Pizza, Fast Food, North Indian, Chinese, Pasta, Desserts, Beverages","₹1,000 for two","Mundhwa, Pune",5.8 km
Ouza Cocktail Bar & Kitchen,https://www.zomato.com/pune/ouza-cocktail-bar-kitchen-baner/info,"Mediterranean, Asian, Modern Indian, European, Desserts, Salad","₹1,000 for two","Baner, Pune",7.3 km
The Boho House Cocktail Bar,https://www.zomato.com/pune/the-boho-house-cocktail-bar-balewadi/info,"North Indian, Fast Food","₹1,400 for two","Balewadi, Pune",10.7 km
Pergola De Pines,https://www.zomato.com/pune/pergola-de-pines-kalyani-nagar/info,"Italian, North Indian, Goan, Thai, Korean, Lebanese, Continental, Desserts","₹1,700 for two","Kalyani Nagar, Pune",5.8 km
Masala Mehfil,https://www.zomato.com/pune/masala-mehfil-baner/info,"Maharashtrian, North Indian, Seafood, Biryani, Beverages, Alcoholic Beverages","₹1,200 for two","Baner, Pune",9.8 km
Hard Rock Cafe,https://www.zomato.com/pune/hard-rock-cafe-2-hadapsar/info,"American, Continental, Italian, Wraps, Burger, Desserts, Fast Food, Beverages","₹1,600 for two","Hadapsar, Pune",8.3 km
Pimlico,https://www.zomato.com/pune/pimlico-koregaon-park/info,"Alcoholic Beverages, Italian, Beverages, Pizza, Sushi, Continental, Salad, Pasta","₹3,000 for two","Koregaon Park, Pune",4.6 km
The House Of Jeera,https://www.zomato.com/pune/the-house-of-jeera-baner/info,"Continental, North Indian, Chinese","₹1,400 for two","Baner, Pune",9.3 km
Publiq,https://www.zomato.com/pune/publiq-koregaon-park/info,"Asian, North Indian, Italian, Chinese, Biryani, Kebab, Salad, Beverages","₹2,000 for two","Koregaon Park, Pune",4.7 km
Urban Harvest – Fine Food & Cocktails,https://www.zomato.com/pune/urban-harvest-fine-food-cocktails-sinhgad-road/info,"North Indian, Asian, Continental, Chinese, Italian, Biryani, Seafood, Desserts","₹1,000 for two","Sinhgad Road, Pune",6.4 km
Favela,https://www.zomato.com/pune/favela-hinjawadi/info,"Continental, North Indian, Chinese, Pizza, Fast Food, Biryani, Desserts, Bar Food","₹1,500 for two","Hinjawadi, Pune",13.8 km
Ya Basa Kitchen & Bar,https://www.zomato.com/pune/ya-basa-kitchen-bar-kharadi/info,"North Indian, Continental, Seafood, Oriental, Biryani, Kebab, Beverages","₹1,200 for two","Kharadi, Pune",9.4 km
Nincasa - House Of Brews,https://www.zomato.com/pune/nincasa-house-of-brews-hadapsar/info,"Asian, Middle Eastern, Bar Food, Modern Indian, Lebanese, Turkish, Continental, Mediterranean","₹2,500 for two","Hadapsar, Pune",8 km
Sasson The Global Kitchen,https://www.zomato.com/pune/sasson-the-global-kitchen-hadapsar/info,"Continental, Pizza, Salad, Sushi, Pasta, Desserts, Beverages","₹1,000 for two","Hadapsar, Pune",7.9 km
The Game Palacio,https://www.zomato.com/pune/the-game-palacio-dhole-patil-road/info,"Pizza, Sushi, Asian, Italian","₹1,400 for two","Dhole Patil Road, Pune",1.9 km
Mainland China,https://www.zomato.com/pune/mainland-china-senapati-bapat-road/info,"Chinese, Japanese, Korean, Sushi, Seafood, Oriental, Beverages, Bar Food","₹2,000 for two","Senapati Bapat Road, Pune
Closes in 7 minutes",3.1 km
Escada All Day Kitchen & Bar,https://www.zomato.com/pune/escada-all-day-kitchen-bar-viman-nagar/info,"Salad, Chinese, Asian, North Indian, Italian, Oriental","₹2,000 for two","Viman Nagar, Pune
Opens at 4pm",7.8 km
Beer & Beans,https://www.zomato.com/pune/beer-beans-baner/info,"Oriental, Italian, Continental","₹1,200 for two","Baner, Pune",9.3 km
24K Kraft Brewzz,https://www.zomato.com/pune/24k-kraft-brewzz-balewadi/info,"North Indian, Chinese, Mughlai, Pizza, Italian, Seafood, Beverages, Desserts","₹2,500 for two","Balewadi, Pune",10.2 km
Teritree,https://www.zomato.com/pune/teritree-hadapsar/info,"North Indian, Chinese, Continental, Italian, Mughlai, Desserts, Beverages, Pasta","₹1,900 for two","Hadapsar, Pune
Closes in 7 minutes",7.9 km
Sante Spa Cuisine,https://www.zomato.com/pune/sante-spa-cuisine-baner/info,"Cafe, Healthy Food, Mediterranean, Continental, Desserts","₹1,200 for two","Baner, Pune",9.9 km
Braun Autobahn - The Smart Restaurant,https://www.zomato.com/pune/braun-autobahn-the-smart-restaurant-viman-nagar/info,"Japanese, North Indian, Asian, Thai, Bengali, Continental, Chinese, Beverages","₹1,600 for two","Viman Nagar, Pune",7.9 km
Independence Brewing Company,https://www.zomato.com/pune/independence-brewing-company-kalyani-nagar/info,"Bar Food, Continental, Fast Food, Salad, Desserts, Beverages","₹2,500 for two","Kalyani Nagar, Pune",6.2 km
Shizusan,https://www.zomato.com/pune/shizusan-viman-nagar/info,"Japanese, Asian, Chinese, Thai, Desserts","₹1,900 for two","Viman Nagar, Pune",7.9 km
Sky Stories,https://www.zomato.com/pune/sky-stories-baner/info,"Italian, Continental, North Indian, Mughlai, Biryani, Oriental, Bar Food, Desserts","₹1,800 for two","Baner, Pune
Opens at 4pm",9.3 km
Punjab Grill,https://www.zomato.com/pune/punjab-grill-viman-nagar/info,"North Indian, Kebab, Biryani, Mughlai","₹2,000 for two","Viman Nagar, Pune",7.9 km
One8 Commune,https://www.zomato.com/pune/one8-commune-koregaon-park/info,"North Indian, Continental, Sushi, Rolls, Mughlai, Salad, Asian, Italian","₹1,200 for two","Koregaon Park, Pune",4.2 km
Elaichi Pure Veg,https://www.zomato.com/pune/elaichi-pure-veg-baner/info,"North Indian, Biryani, Continental, Chinese, Pizza, Salad, Desserts, Beverages","₹1,200 for two","Baner, Pune",7.2 km
Makaira Kitchen & Bar,https://www.zomato.com/pune/makaira-kitchen-bar-wakad/info,"Chinese, Kebab, Italian, Continental, Biryani, Maharashtrian, North Indian","₹1,500 for two","Wakad, Pune",12.3 km
Mystic Flavours,https://www.zomato.com/pune/mystic-flavours-warje/info,"Continental, Modern Indian, Asian, Oriental","₹1,000 for two","Warje, Pune
Opens in 7 minutes",7.3 km
Tipsy Turtle,https://www.zomato.com/pune/tipsy-turtle-bavdhan/info,"North Indian, Mughlai, Continental, Asian, Biryani, Pizza, Thai, Desserts","₹1,400 for two","Bavdhan, Pune",10.3 km
PizzaExpress,https://www.zomato.com/pune/pizzaexpress-ghorpadi/info,"Pizza, Bakery, Salad, Italian, Coffee, Beverages, Pasta, Cafe","₹1,400 for two","Ghorpadi, Pune",5.8 km
Pune 14 - Hyatt Regency,https://www.zomato.com/thecafe/info,"North Indian, Asian, Continental","₹3,700 for two","Viman Nagar, Pune",7.3 km
Baba's,https://www.zomato.com/pune/babas-1-baner/info,"North Indian, Chinese, Kebab, Biryani, Beverages","₹1,000 for two","Baner, Pune",6.8 km
Intactu,https://www.zomato.com/pune/intactu-hinjawadi/info,"North Indian, Biryani, Mughlai, Pizza, Pasta, Italian, Fast Food, Desserts","₹1,500 for two","Hinjawadi, Pune",16.8 km
Dobaraa,https://www.zomato.com/pune/dobaraa-viman-nagar/info,"North Indian, Continental","₹3,500 for two","Viman Nagar, Pune",7.9 km
Gather,https://www.zomato.com/pune/gather-law-college-road/info,"Bar Food, Continental, Pizza, Desserts","₹1,800 for two","Law College Road, Pune",2.8 km
Chang's,https://www.zomato.com/pune/changs-viman-nagar/info,"Chinese, Asian, Fast Food, Seafood, Desserts, Beverages, Sichuan","₹1,200 for two","Viman Nagar, Pune",7.8 km
Nawab Asia,https://www.zomato.com/pune/nawab-asia-1-baner/info,"North Indian, Chinese, Mughlai, Biryani, Seafood, Desserts, Beverages","₹1,600 for two","Baner, Pune
Closes in 37 minutes",10.2 km
Caffe Allora,https://www.zomato.com/pune/caffe-allora-viman-nagar/info,"Pizza, Italian, Pasta","₹2,000 for two","Viman Nagar, Pune",7.9 km
Gilt Club,https://www.zomato.com/pune/gilt-club-kharadi/info,"North Indian, Continental, Biryani, Mughlai, Bar Food, Chinese, Kebab, Fast Food","₹2,500 for two","Kharadi, Pune",10.5 km
The Revolution Bar,https://www.zomato.com/pune/the-revolution-bar-baner/info,"Biryani, Pizza, Continental, Chinese, North Indian, Oriental, Asian, Pasta","₹1,800 for two","Baner, Pune",9.4 km
Bombon,https://www.zomato.com/pune/bombon-1-koregaon-park/info,"Cafe, Coffee","₹1,200 for two","Koregaon Park, Pune",4.4 km
The Studs Sports Bar & Grill,https://www.zomato.com/pune/the-studs-sports-bar-grill-baner/info,"Modern Indian, Bar Food, Continental","₹1,200 for two","Baner, Pune",9.3 km
Boho Boho,https://www.zomato.com/pune/boho-boho-1-koregaon-park/info,"Continental, Healthy Food, Salad, Pizza, Sandwich, Desserts, Coffee, Beverages",₹950 for two,"Koregaon Park, Pune",4.6 km
You Mee,https://www.zomato.com/pune/you-mee-viman-nagar/info,"Asian, Japanese, Sushi, Desserts, Beverages","₹2,500 for two","Viman Nagar, Pune",7.9 km
I Amsterdam,https://www.zomato.com/pune/i-amsterdam-hinjawadi/info,"Asian, North Indian, European","₹1,700 for two","Hinjawadi, Pune
Closes in 22 minutes",15.8 km
Loft - On The Top,https://www.zomato.com/pune/loft-on-the-top-kondhwa/info,"North Indian, Desserts, Bar Food","₹2,000 for two","Kondhwa, Pune
Opens at 4:30pm",7 km
Mikachi Club Bar & Kitchen,https://www.zomato.com/pune/mikachi-club-bar-kitchen-kharadi/info,"North Indian, Biryani, Chinese, Continental, Fast Food, Seafood, Mughlai, Pizza","₹2,000 for two","Kharadi, Pune",10.4 km
Uncle's Chinese,https://www.zomato.com/pune/uncles-chinese-viman-nagar/info,"Chinese, Oriental, Seafood, Cantonese, Sichuan, Asian, Thai, Singaporean","₹1,500 for two","Viman Nagar, Pune",7.4 km
Budget Room,https://www.zomato.com/pune/budget-room-kalyani-nagar/info,"North Indian, Mughlai, Continental","₹1,000 for two","Kalyani Nagar, Pune
Opens at 4pm",6.4 km
Kimchi,https://www.zomato.com/pune/kimchi-kharadi/info,"Chinese, Oriental, Seafood, Cantonese, Sichuan, Asian, Thai, Singaporean","₹1,500 for two","Kharadi, Pune",8.9 km
Hakuna Matata,https://www.zomato.com/pune/hakuna-matata-shivaji-nagar/info,"North Indian, Chinese, Fast Food, Sichuan, Street Food, Pizza, Seafood","₹1,000 for two","Shivaji Nagar, Pune",1.2 km
Great Sagar Restaurant,https://www.zomato.com/pune/great-sagar-restaurant-viman-nagar/info,"North Indian, Chinese",₹650 for two,"Viman Nagar, Pune",7.8 km
Kukoo,https://www.zomato.com/pune/kukoo-kalyani-nagar/info,"Continental, Asian, Italian, Modern Indian, Salad, Desserts","₹1,800 for two","Kalyani Nagar, Pune",6 km
Sunrise Family Restaurant,https://www.zomato.com/pune/sunrise-family-restaurant-1-magarpatta/info,"North Indian, South Indian, Chinese, Mughlai, Seafood, Biryani, Desserts, Shake","₹1,100 for two","Magarpatta, Pune
Closes in 7 minutes",7.6 km
Burger King,https://www.zomato.com/pune/burger-king-1-east-street/info,"Burger, Fast Food",₹250 for two,"East Street, Pune",2.8 km
PizzaExpress,https://www.zomato.com/pune/pizzaexpress-viman-nagar/info,"Pizza, Italian, Salad, Bakery, Beverages, Coffee, Pasta, Cafe","₹1,400 for two","Viman Nagar, Pune",8.3 km
Trooh,https://www.zomato.com/pune/trooh-kalyani-nagar/info,"Asian, Japanese, Italian","₹2,000 for two","Kalyani Nagar, Pune",6.2 km
Taco & Tequila Co,https://www.zomato.com/pune/taco-tequila-co-kalyani-nagar/info,Mexican,"₹1,300 for two","Kalyani Nagar, Pune
Closes in 7 minutes",5.8 km
The Barkhana,https://www.zomato.com/pune/the-barkhana-wakad/info,"Bar Food, Mughlai, Chinese, North Indian, Fast Food, Desserts, Beverages, Sichuan","₹2,000 for two","Wakad, Pune",13.3 km
Tiger Naan,https://www.zomato.com/pune/tiger-naan-koregaon-park/info,"North Indian, Continental, Beverages, Desserts","₹1,800 for two","Koregaon Park, Pune",4.5 km
Merchant & Me,https://www.zomato.com/pune/merchant-me-wakad/info,"North Indian, Alcoholic Beverages, Kebab, Pizza, Finger Food, Desserts, Beverages","₹2,500 for two","Wakad, Pune
Closes in 37 minutes",13.6 km
Thyme & Whisk,https://www.zomato.com/pune/thyme-whisk-koregaon-park/info,"North Indian, Chinese, Biryani, Pizza, Rolls, Shake, Desserts, Beverages","₹1,000 for two","Koregaon Park, Pune",3.7 km
The Ruby Hilltop - Sunny's World,https://www.zomato.com/pune/the-ruby-hilltop-sunnys-world-sus/info,"Bar Food, Chinese, North Indian, Asian, Italian, Mughlai, Beverages, Desserts","₹1,600 for two","Sus, Pune",13.3 km
3 Idiots - The Friendly Bar,https://www.zomato.com/pune/3-idiots-the-friendly-bar-pimple-gurav/info,"North Indian, Continental, Biryani, Chinese, Fast Food, Desserts, Beverages","₹1,600 for two","Pimple Gurav, Pune",10.1 km
Dario's,https://www.zomato.com/pune/darios-2-koregaon-park/info,"Pizza, Italian, Cafe, Sandwich, Desserts, Alcoholic Beverages, Pasta","₹2,600 for two","Koregaon Park, Pune",4.5 km
QORA - Cocktail Bar & Kitchen,https://www.zomato.com/pune/qora-cocktail-bar-kitchen-koregaon-park/info,"Continental, Asian, Salad, Biryani, Sushi, Desserts","₹2,500 for two","Koregaon Park, Pune",4.6 km
Tao - Fu - JW Marriott Pune,https://www.zomato.com/pune/tao-fu-jw-marriott-pune-senapati-bapat-road/info,"Chinese, Asian","₹4,000 for two","Senapati Bapat Road, Pune
Closes in 7 minutes",3.1 km
Nanna's Negroni,https://www.zomato.com/pune/nannas-negroni-baner/info,"Italian, Continental, Pasta, Pizza, Desserts","₹1,800 for two","Baner, Pune",8 km
Pasco - An Epitome Of Wine & Dine,https://www.zomato.com/pune/pasco-an-epitome-of-wine-dine-pimple-saudagar/info,"North Indian, Italian, Seafood, Chinese, Oriental, Kebab, Biryani, Desserts","₹1,700 for two","Pimple Saudagar, Pune",10.3 km
1BHK Superbar,https://www.zomato.com/pune/1bhk-superbar-baner/info,"North Indian, Asian, Italian, European, Continental, Mediterranean, American, Seafood","₹1,800 for two","Baner, Pune",10.3 km
Mekong Folks,https://www.zomato.com/pune/mekong-folks-balewadi/info,"Asian, Cantonese, Sushi, Japanese, Chinese, Salad, Seafood, Beverages","₹2,000 for two","Balewadi, Pune",10.2 km
Sreca Rooftop Lounge,https://www.zomato.com/pune/sreca-rooftop-lounge-pimple-nilakh/info,"North Indian, Continental, Asian, Bar Food, Seafood","₹1,700 for two","Pimple Nilakh, Pune",10.1 km
Flo - The Brewing Club,https://www.zomato.com/pune/flo-the-brewing-club-hinjawadi/info,"Bar Food, Chinese, Pizza, Biryani","₹3,000 for two","Hinjawadi, Pune",16.1 km
Ice N Fire Sky Lounge,https://www.zomato.com/pune/ice-n-fire-sky-lounge-baner/info,"Bar Food, Continental, North Indian, Pizza, Burger, Pasta, Chinese, Desserts","₹1,800 for two","Baner, Pune",9.8 km
Pop Tate's,https://www.zomato.com/pune/pop-tates-viman-nagar/info,"North Indian, Chinese, Italian, Biryani, Pizza, Pasta, Fast Food, Beverages","₹1,400 for two","Viman Nagar, Pune",7.9 km
The Voyage,https://www.zomato.com/pune/the-voyage-koregaon-park/info,"Continental, Fast Food, Italian, European, Healthy Food, Desserts, Coffee, Beverages","₹1,000 for two","Koregaon Park, Pune",4.8 km
Nativ,https://www.zomato.com/pune/nativ-baner/info,"North Indian, Mughlai, Continental, Chinese, Asian, Biryani, Bar Food","₹1,800 for two","Baner, Pune",8.7 km
Tettoricca,https://www.zomato.com/pune/tettoricca-hinjawadi/info,"North Indian, Continental","₹1,200 for two","Hinjawadi, Pune",14.3 km
TGI Fridays,https://www.zomato.com/pune/tgi-fridays-senapati-bapat-road/info,"American, Mexican, Pizza, Continental, Desserts, Beverages","₹2,000 for two","Senapati Bapat Road, Pune",3.2 km
Soy Affair,https://www.zomato.com/pune/soy-affair-baner/info,"Asian, Chinese, Sushi, Seafood","₹1,000 for two","Baner, Pune
Closes in 7 minutes",10.1 km
Le Stone,https://www.zomato.com/pune/le-stone-ravet/info,"North Indian, Kebab, Biryani, Asian, Continental, Italian, Mexican, Desserts","₹1,600 for two","Ravet, Pune",19.7 km
Shiv Sagar,https://www.zomato.com/pune/shiv-sagar-viman-nagar/info,"North Indian, South Indian, Chinese, Sandwich, Street Food, Pizza, Desserts, Beverages","₹1,100 for two","Viman Nagar, Pune",7.6 km
TIAN The Oriental Kitchen,https://www.zomato.com/pune/tian-the-oriental-kitchen-law-college-road/info,"Oriental, Chinese, Japanese, Asian, Sushi, Seafood","₹1,200 for two","Law College Road, Pune
Closes in 7 minutes",2.7 km
Torre - Gourmet Dining & Bar,https://www.zomato.com/pune/torre-gourmet-dining-bar-baner/info,"Fast Food, Bar Food, Finger Food","₹1,200 for two","Baner, Pune",9.9 km
24 Carat Lounge & Bar,https://www.zomato.com/pune/24-carat-lounge-bar-bhugaon/info,"North Indian, Mughlai, Chinese, Seafood, Continental, Desserts, Beverages","₹1,800 for two","Bhugaon, Pune",13 km
The Square - Novotel,https://www.zomato.com/pune/the-square-novotel-wadgaon-sheri/info,"North Indian, European, Continental, Chinese, Mediterranean, Asian, Italian, Fast Food","₹3,200 for two","Wadgaon Sheri, Pune",7.1 km
Tim Hortons,https://www.zomato.com/pune/tim-hortons-fc-road/info,"Cafe, Coffee, Italian, Sandwich, Fast Food",₹800 for two,"FC Road, Pune",1.7 km
The Camden Lane,https://www.zomato.com/pune/the-camden-lane-koregaon-park/info,"Continental, Mexican, Coffee, Tea","₹1,500 for two","Koregaon Park, Pune",4.5 km
House of Bottles,https://www.zomato.com/pune/house-of-bottles-hadapsar/info,"Asian, Modern Indian, Continental, Pizza, Burger, Desserts, Italian","₹2,000 for two","Hadapsar, Pune",7.9 km
The Beans Talk Cafe,https://www.zomato.com/pune/the-beans-talk-cafe-viman-nagar/info,"Cafe, Coffee, Italian, Mexican, American, Pizza, Desserts, Beverages",₹950 for two,"Viman Nagar, Pune",7.9 km
The Verandah,https://www.zomato.com/pune/the-verandah-erandwane/info,"Maharashtrian, Fast Food, South Indian, Desserts, Beverages, Sandwich, North Indian, Street Food","₹1,000 for two","Erandwane, Pune",3.1 km
Barrio Roof Top Kitchen And Bar,https://www.zomato.com/pune/barrio-roof-top-kitchen-and-bar-pimple-saudagar/info,"North Indian, Oriental, Chinese, Biryani, Pizza, Pasta, Seafood, Desserts","₹1,800 for two","Pimple Saudagar, Pune
Closes in 37 minutes",11 km
Bovi Kitchen And Bar,https://www.zomato.com/pune/bovi-kitchen-and-bar-baner/info,"North Indian, South Indian, Burger","₹1,600 for two","Baner, Pune",7.2 km
Flipside Cafe & Bar,https://www.zomato.com/pune/flipside-cafe-bar-baner/info,"Continental, Bar Food, Cafe, Coffee, Alcoholic Beverages, Tea","₹1,900 for two","Baner, Pune",8.1 km
PizzaExpress,https://www.zomato.com/pune/pizzaexpress-wakad/info,"Pizza, Italian, Salad, Bakery, Beverages, Coffee, Pasta, Cafe","₹1,400 for two","Wakad, Pune",13.6 km
Beetroot Bistro,https://www.zomato.com/pune/beetroot-bistro-koregaon-park/info,"Healthy Food, Chinese, Sandwich, Italian, Fast Food, Continental, Desserts, Beverages","₹1,600 for two","Koregaon Park, Pune",4.6 km
Thikana,https://www.zomato.com/pune/thikana-hinjawadi/info,"North Indian, Italian, Pasta, Continental, Pizza, Biryani, Beverages","₹1,800 for two","Hinjawadi, Pune",13.5 km
Dhaba Shaba Veg Bistro,https://www.zomato.com/pune/dhaba-shaba-veg-bistro-koregaon-park/info,"North Indian, Chinese, Desserts, Beverages","₹1,400 for two","Koregaon Park, Pune",4.5 km
The Silent Partner,https://www.zomato.com/pune/the-silent-partner-nibm-road/info,"Salad, Healthy Food, North Indian, Chinese, Continental, Goan, Beverages","₹1,500 for two","NIBM Road, Pune",7.4 km
Anglo Indian,https://www.zomato.com/pune/anglo-indian-lonavala/info,"BBQ, Street Food, Fast Food, Salad, Burger, Pizza, Desserts, Beverages","₹1,400 for two","Lonavala, Pune",57.1 km
Barbozaa,https://www.zomato.com/pune/barbozaa-magarpatta/info,"Bar Food, Pizza, North Indian, Pasta","₹2,300 for two","Magarpatta, Pune",7.9 km
Cafe 1730,https://www.zomato.com/pune/cafe-1730-kharadi/info,"Italian, Continental, Goan, North Indian, Chinese, Mughlai, Desserts","₹2,000 for two","Kharadi, Pune",10.3 km
The Sea Secret,https://www.zomato.com/pune/the-sea-secret-jm-road/info,"Seafood, North Indian, Mughlai, Kebab, Salad, Biryani, Chinese, Desserts","₹2,000 for two","JM Road, Pune",1.6 km
Swig,https://www.zomato.com/pune/swig-3-senapati-bapat-road/info,"Bar Food, Asian, Sushi, Pizza, Italian, Continental, Fast Food, Beverages","₹1,800 for two","Senapati Bapat Road, Pune",2.9 km
Copa Villa,https://www.zomato.com/pune/copa-villa-pimple-nilakh/info,"North Indian, Asian, Continental, Salad, Seafood, Pasta, Pizza, Oriental","₹1,400 for two","Pimple Nilakh, Pune",11.1 km
Vilayati,https://www.zomato.com/pune/vilayati-kondhwa/info,"North Indian, Fast Food, Chinese, Finger Food, Pizza","₹1,000 for two","Bibvewadi, Pune",6.6 km
Incognito - Restaurant Bar & Cafe,https://www.zomato.com/pune/incognito-restaurant-bar-cafe-balewadi/info,"Continental, Asian, Italian, Thai, North Indian, Biryani, Desserts, Beverages","₹2,500 for two","Balewadi, Pune",10.3 km
Murphies - Bistro and Bar,https://www.zomato.com/pune/murphies-bistro-and-bar-deccan-gymkhana/info,"European, Continental, Asian, Bakery, Pasta, Coffee, Desserts, Salad","₹1,200 for two","Deccan Gymkhana, Pune",2.5 km
Mood Drums Kitchen & Bar,https://www.zomato.com/pune/mood-drums-kitchen-bar-hinjawadi/info,"North Indian, Italian, Alcoholic Beverages, Bar Food, Chinese, Fast Food, Salad","₹1,000 for two","Hinjawadi, Pune",16.8 km
Big Little Brew Pub,https://www.zomato.com/pune/big-little-brew-pub-kharadi/info,"North Indian, Continental","₹1,900 for two","Kharadi, Pune",11.1 km
The Irish House,https://www.zomato.com/IrishHousePune/info,"Continental, Burger, Pizza, Desserts, Beverages","₹2,500 for two","Viman Nagar, Pune",7.9 km
Affairs - The Bar,https://www.zomato.com/pune/affairs-the-bar-kalyani-nagar/info,"North Indian, Continental, Asian, Pizza, Kebab, Biryani, Desserts, Beverages","₹2,000 for two","Kalyani Nagar, Pune",6.1 km
Glens Bakehouse,https://www.zomato.com/pune/glens-bakehouse-deccan-gymkhana/info,"Italian, Pizza, Sandwich, Cake, Desserts","₹1,000 for two","Deccan Gymkhana, Pune",2.5 km
Backstage,https://www.zomato.com/pune/backstage-viman-nagar/info,"North Indian, Salad, Chinese, Mughlai, Pizza, Fast Food, Thai, Beverages","₹2,600 for two","Viman Nagar, Pune",8 km
Rangla Punjab,https://www.zomato.com/pune/rangla-punjab-pimple-saudagar/info,"North Indian, Bar Food, Chinese, Kebab, Mughlai, Street Food, Beverages","₹1,200 for two","Pimple Saudagar, Pune",10.5 km
Copper Chimney,https://www.zomato.com/pune/copper-chimney-1-wakad/info,"North Indian, Kebab, Biryani, Mughlai, Desserts, Beverages","₹1,600 for two","Wakad, Pune
Closes in 37 minutes",13.6 km
Gola Sizzlers,https://www.zomato.com/pune/gola-sizzlers-viman-nagar/info,"North Indian, Pizza, Pasta, Fast Food, Chinese, Continental, Shake, Beverages","₹1,500 for two","Viman Nagar, Pune",7.9 km
The Sassy Spoon,https://www.zomato.com/pune/the-sassy-spoon-koregaon-park/info,"European, Continental, American, Asian, Mediterranean, Healthy Food, Italian, Salad","₹1,800 for two","Koregaon Park, Pune",4.7 km
Eight,https://www.zomato.com/pune/eight-wakad/info,"Chinese, Sushi, Asian","₹2,000 for two","Wakad, Pune",13.6 km
Neighbourhud | All Day Bistro,https://www.zomato.com/pune/neighbourhud-all-day-bistro-1-baner/info,"North Indian, Biryani, Fast Food, Pizza, Continental, Beverages","₹1,500 for two","Baner, Pune",8.9 km
H1 Lounge,https://www.zomato.com/pune/h1-lounge-ravet/info,"Continental, North Indian, Oriental, Modern Indian, Italian, Pizza, Pasta, Desserts","₹2,000 for two","Ravet, Pune",20.2 km
Nakhra Indian Kitchen & Bar,https://www.zomato.com/pune/nakhra-indian-kitchen-bar-1-aundh/info,"North Indian, Modern Indian, Biryani, Kebab, Desserts","₹1,400 for two","Aundh, Pune",6.4 km
Terrace By Bailamos,https://www.zomato.com/pune/terrace-by-bailamos-balewadi/info,Asian,"₹3,000 for two","Balewadi, Pune",10.8 km
Le Parc,https://www.zomato.com/pune/le-parc-aundh/info,"North Indian, Continental, Italian, Oriental, Chinese, Salad, Kebab, Desserts","₹1,200 for two","Aundh, Pune",12.6 km
The Rustle Nest,https://www.zomato.com/pune/the-rustle-nest-baner/info,"Continental, North Indian, European, Biryani, Pasta, Sandwich, Desserts, Beverages",₹950 for two,"Baner, Pune",10.1 km
Butter - Bar & Kitchen,https://www.zomato.com/pune/butter-bar-kitchen-balewadi/info,"Asian, Italian, Chinese, Sushi, Japanese, Beverages","₹1,800 for two","Balewadi, Pune",10.2 km
Charcoal The Sizzling Sensation,https://www.zomato.com/pune/charcoal-the-sizzling-sensation-sus/info,"North Indian, Mughlai, BBQ, Italian, Biryani, Kebab, Salad","₹1,200 for two","Sus, Pune",13.3 km
Green Signal,https://www.zomato.com/pune/green-signal-deccan-gymkhana/info,"Chinese, North Indian, Continental, South Indian, Pizza, Desserts, Beverages, Maharashtrian","₹1,000 for two","Deccan Gymkhana, Pune",1.4 km
The Kuti Project,https://www.zomato.com/pune/the-kuti-project-2-baner/info,"Cafe, Coffee, Pizza, Sandwich, Fast Food, Desserts, Shake, Beverages","₹1,100 for two","Baner, Pune",9.9 km
Rajdhani,https://www.zomato.com/pune/rajdhani-viman-nagar/info,"North Indian, Gujarati, Rajasthani, Mithai","₹1,100 for two","Viman Nagar, Pune
Closes in 7 minutes",7.9 km
Le Plaisir,https://www.zomato.com/pune/le-plaisir-deccan-gymkhana/info,"Cafe, Italian, Continental, Salad, Sandwich, Pizza, Beverages, Shake","₹1,200 for two","Deccan Gymkhana, Pune",2 km
Indimex,https://www.zomato.com/pune/indimex-magarpatta/info,"North Indian, Continental, Iranian, Pasta","₹1,200 for two","Magarpatta, Pune",7.9 km
Pind Punjab,https://www.zomato.com/pune/pind-punjab-kharadi/info,"North Indian, Mughlai, Kebab, Biryani, Chinese, Desserts, Beverages","₹1,400 for two","Kharadi, Pune",10.9 km
Maharaja Bhog,https://www.zomato.com/pune/maharaja-bhog-senapati-bapat-road/info,North Indian,"₹1,400 for two","Senapati Bapat Road, Pune
Closes in 7 minutes",3.2 km
Exotica,https://www.zomato.com/pune/exotica-yerawada/info,"North Indian, Chinese, Kebab, Mughlai, Biryani, Pasta, Oriental, Desserts","₹2,100 for two","Yerawada, Pune
Closes in 7 minutes",5.3 km
Malaka Spice,https://www.zomato.com/pune/malaka-spice-koregaon-park/info,"Asian, Thai, Salad, Seafood, Sushi, Desserts","₹1,800 for two","Koregaon Park, Pune",4.7 km
Oasis,https://www.zomato.com/pune/oasis-warje/info,"North Indian, Chinese, Mughlai, Maharashtrian, Seafood, Kebab, Biryani, Beverages","₹1,300 for two","Warje, Pune",7.7 km
The Urban Foundry,https://www.zomato.com/pune/the-urban-foundry-balewadi/info,"Bar Food, North Indian, Pizza, Fast Food, Desserts, Beverages","₹2,500 for two","Balewadi, Pune",10.2 km
Ventana,https://www.zomato.com/pune/ventana-viman-nagar/info,"North Indian, European, Continental, Asian, Desserts, Indonesian, Coffee, Beverages","₹1,200 for two","Viman Nagar, Pune",7.8 km
Tatva The Vegetarian Kitchen,https://www.zomato.com/pune/tatva-the-vegetarian-kitchen-baner/info,"North Indian, Chinese, South Indian, Biryani, Street Food, Fast Food, Oriental, Beverages","₹1,000 for two","Baner, Pune",10.7 km
Earth Houz,https://www.zomato.com/pune/earth-houz-salunkhe-vihar-road/info,"North Indian, Alcoholic Beverages, Continental, Pizza, Beverages, Cafe, Desserts","₹1,000 for two","Salunkhe Vihar Road, Pune",6.5 km
Toscano,https://www.zomato.com/pune/toscano-hadapsar/info,"Italian, Pizza, Pasta, Continental, Seafood, Steak, Beverages","₹1,800 for two","Hadapsar, Pune",8.3 km
TQC - The Quarter Company,https://www.zomato.com/pune/tqc-the-quarter-company-viman-nagar/info,"North Indian, Rolls, European, Italian, Pizza, Salad, Beverages","₹1,200 for two","Viman Nagar, Pune",7.2 km
360 Degree - The Revolving Fine Dine Restaurant,https://www.zomato.com/pune/360-degree-the-revolving-fine-dine-restaurant-deccan-gymkhana/info,"North Indian, Italian","₹1,400 for two","Deccan Gymkhana, Pune",1.4 km
Good Flippin' Burgers,https://www.zomato.com/pune/good-flippin-burgers-kalyani-nagar/info,"Burger, American, Fast Food",₹600 for two,"Kalyani Nagar, Pune",5.8 km
Vault Kitchen & Bar,https://www.zomato.com/pune/vault-kitchen-bar-pimple-gurav/info,"Continental, Chinese, Modern Indian, Bar Food, BBQ, North Indian, Fast Food, Italian","₹1,200 for two","Pimple Gurav, Pune",10.1 km
Millers - The Luxury Club,https://www.zomato.com/pune/millers-the-luxury-club-bund-garden/info,"Continental, North Indian, Fast Food, Biryani, Beverages, Desserts","₹1,900 for two","Bund Garden Road, Pune",1.9 km
Si Nonna's - The Original Sourdough Pizza,https://www.zomato.com/pune/si-nonnas-the-original-sourdough-pizza-kharadi/info,"Pizza, Italian, Desserts, Coffee, Beverages",₹200 for two,"Kharadi, Pune",9.1 km
Papillon Kitchen & Bar,https://www.zomato.com/pune/papillon-kitchen-bar-nibm-road/info,"Oriental, North Indian, Chinese","₹1,100 for two","NIBM Road, Pune",8.8 km
Poise,https://www.zomato.com/pune/poise-hinjawadi/info,"Asian, Chinese","₹1,200 for two","Hinjawadi, Pune",16.1 km
Chulbul Dhaba,https://www.zomato.com/pune/chulbul-dhaba-dhanori/info,"North Indian, Chinese, Mughlai, Kebab, Biryani, Sichuan, Desserts, Beverages",₹600 for two,"Dhanori, Pune",10.3 km
Chai Bar Bar,https://www.zomato.com/pune/chai-bar-bar-baner/info,"Tea, Maharashtrian, Sandwich, Fast Food, Beverages",₹400 for two,"Baner, Pune",9.3 km
Senses - Marriott Suites Pune,https://www.zomato.com/pune/senses-marriott-suites-pune-mundhwa/info,"Continental, Asian, North Indian, Italian, Fast Food, Desserts, Beverages","₹3,500 for two","Mundhwa, Pune",5.8 km
Midori Coffee And Eatery,https://www.zomato.com/pune/midori-coffee-and-eatery-1-baner/info,"Cafe, Coffee","₹1,000 for two","Baner, Pune",9.4 km
JM Housefull Paratha and Pure Veg,https://www.zomato.com/pune/jm-housefull-paratha-and-pure-veg-jm-road/info,"North Indian, Chinese",₹400 for two,"JM Road, Pune",1.2 km
The 3 Musketeers Cafe & Bar,https://www.zomato.com/pune/the-3-musketeers-cafe-bar-hinjawadi/info,"Continental, Chinese, North Indian, Mughlai, Biryani, Italian, Fast Food, Desserts","₹1,200 for two","Hinjawadi, Pune",14.5 km
Steakhouse Bar & Grill,https://www.zomato.com/pune/steakhouse-bar-grill-kalyani-nagar/info,"Steak, Continental, Fast Food, Beverages","₹1,200 for two","Kalyani Nagar, Pune",5.8 km
PizzaExpress,https://www.zomato.com/pune/pizzaexpress-balewadi/info,"Pizza, Italian, Salad, Bakery, Beverages, Coffee, Pasta, Cafe","₹1,400 for two","Balewadi, Pune",10.3 km
Pind Balluchi,https://www.zomato.com/pune/pind-balluchi-hadapsar/info,"North Indian, Biryani, Mughlai, Kebab, Desserts, Beverages","₹1,200 for two","Hadapsar, Pune",8.3 km
Barometer,https://www.zomato.com/pune/barometer-kothrud/info,"Continental, Asian, North Indian, Sichuan, Pizza","₹2,500 for two","Kothrud, Pune
Closes in 7 minutes",4.6 km
Quarter Bar & Kitchen,https://www.zomato.com/pune/quarter-bar-kitchen-kharadi/info,"North Indian, Chinese, Asian, Fast Food, Desserts","₹2,800 for two","Kharadi, Pune",10.3 km
Oliva Veg,https://www.zomato.com/pune/oliva-veg-karve-nagar/info,"North Indian, Italian, Chinese","₹1,300 for two","Karve Nagar, Pune
Closes in 7 minutes",3.5 km
Circle Of Crust,https://www.zomato.com/pune/circle-of-crust-salunkhe-vihar-road/info,"Pizza, Fast Food, Cafe, Desserts, Shake, Beverages",₹400 for two,"Salunkhe Vihar Road, Pune",6.5 km
Hapaa - Asian Stir,https://www.zomato.com/pune/hapaa-asian-stir-1-kalyani-nagar/info,"Asian, Japanese, Chinese, Sushi, Thai, Seafood, Sichuan, Peruvian","₹2,000 for two","Kalyani Nagar, Pune",5.8 km
The 7A Restaurant & Bar,https://www.zomato.com/pune/the-7a-restaurant-bar-kharadi/info,"North Indian, Continental, Chinese, Italian, Finger Food, Bar Food, Beverages, Pizza","₹1,500 for two","Kharadi, Pune",11.1 km
The Houz - Family Kitchen,https://www.zomato.com/pune/the-houz-family-kitchen-kalyani-nagar/info,"North Indian, Continental, Chinese, Italian, Asian, Salad, Tea, Beverages","₹2,000 for two","Kalyani Nagar, Pune",6.1 km
Mutuswami,https://www.zomato.com/pune/mutuswami-shivaji-nagar/info,"South Indian, Maharashtrian, Pizza, Sandwich, Desserts, Beverages, Coffee, Juices",₹300 for two,"Shivaji Nagar, Pune",1.4 km
Halloumi,https://www.zomato.com/pune/halloumi-2-kalyani-nagar/info,"Turkish, Lebanese, Kebab, Desserts, Beverages","₹1,200 for two","Kalyani Nagar, Pune",6 km
2 Kitchens & Bar,https://www.zomato.com/pune/2-kitchens-bar-nibm-road/info,"North Indian, Chinese, Fast Food, Biryani, Pizza, Pasta, Seafood, Desserts","₹1,200 for two","NIBM Road, Pune",7.6 km
Wynkk Kitchen & Bar,https://www.zomato.com/pune/wynkk-kitchen-bar-aundh/info,"North Indian, Continental, Pizza, Kebab, Thai, Bar Food, Asian, Fast Food","₹1,500 for two","Aundh, Pune",6.5 km
Loco Otro,https://www.zomato.com/pune/loco-otro-aundh/info,"Bar Food, Continental, Italian, Mexican, Goan, Seafood, Desserts, Beverages","₹1,500 for two","Aundh, Pune",6.5 km
PAUL,https://www.zomato.com/pune/paul-mundhwa/info,"Cafe, Continental, European, Italian, French, Desserts, Coffee, Beverages","₹1,100 for two","Mundhwa, Pune",5.8 km
Markaiz,https://www.zomato.com/pune/markaiz-lonavala/info,"Continental, Italian, Parsi, Desserts, Bakery, Cafe","₹1,900 for two","Lonavala, Pune",54.7 km
Azzurro,https://www.zomato.com/pune/azzurro-pimple-nilakh/info,"Fast Food, Chinese, North Indian, Biryani, Continental, Asian, Desserts, Beverages","₹1,200 for two","Pimple Nilakh, Pune",11.1 km
Farmaaish,https://www.zomato.com/pune/farmaaish-1-viman-nagar/info,"Continental, Bar Food, North Indian, Mughlai, Asian, Chinese, Desserts, Beverages","₹1,300 for two","Viman Nagar, Pune",7.6 km
Koconut Tree Bar & Kitchen,https://www.zomato.com/pune/koconut-tree-bar-kitchen-magarpatta/info,"Andhra, Mangalorean, Seafood, Biryani, Chinese, Kebab, Desserts, Pizza","₹1,000 for two","Magarpatta, Pune",7.9 km
Coco Rico Smoke - Bar - Kitchen,https://www.zomato.com/pune/coco-rico-smoke-bar-kitchen-bhugaon/info,"North Indian, Italian, Continental, Asian, Pizza, Oriental, Chinese, Biryani","₹1,200 for two","Bhugaon, Pune",10.4 km
Glint By Plunge,https://www.zomato.com/pune/glint-by-plunge-koregaon-park/info,"Chinese, Asian, Mexican, Sandwich, Burger, Pizza, Pasta, Desserts","₹2,500 for two","Koregaon Park, Pune",3.7 km
Babylon Craft Brewery,https://www.zomato.com/pune/babylon-craft-brewery-erandwane/info,"North Indian, Chinese, Continental, Mughlai, Fast Food, Desserts, Beverages","₹1,400 for two","Erandwane, Pune",3.1 km
SKARA,https://www.zomato.com/pune/skara-1-sinhgad-road/info,"Continental, North Indian, Chinese","₹1,500 for two","Sinhgad Road, Pune",7.5 km
River Deck Cafe By Prana Resorts,https://www.zomato.com/pune/river-deck-cafe-by-prana-resorts-ravet/info,"Continental, Oriental","₹1,800 for two","Ravet, Pune",19 km
Cafe Paashh,https://www.zomato.com/pune/cafe-paashh-kalyani-nagar/info,"Cafe, Beverages","₹1,800 for two","Kalyani Nagar, Pune",5.5 km
Zeta - Hyatt Regency Pune,https://www.zomato.com/pune/zeta-hyatt-regency-pune-viman-nagar/info,"Continental, Italian, Seafood, Coffee, Tea, Desserts, Beverages","₹3,000 for two","Viman Nagar, Pune",7.3 km
The Flour Works,https://www.zomato.com/pune/the-flour-works-kalyani-nagar/info,"European, Italian, Healthy Food, Salad, Sandwich, Pizza, Desserts, Beverages","₹1,800 for two","Kalyani Nagar, Pune",5.7 km
Chafa Cafe And Studio,https://www.zomato.com/pune/chafa-cafe-and-studio-salunkhe-vihar-road/info,"Healthy Food, Italian, Continental, Salad, Asian, Cafe, Coffee, Sandwich","₹1,400 for two","Salunkhe Vihar Road, Pune",6.6 km
Skylo 9,https://www.zomato.com/pune/skylo-9-pimple-nilakh/info,"North Indian, Continental, Italian, Chettinad, Bar Food, Seafood, Desserts, Beverages","₹1,300 for two","Pimple Nilakh, Pune",11.6 km
Bacharika- Rooftop Bar And Kitchen,https://www.zomato.com/pune/bacharika-rooftop-bar-and-kitchen-kothrud/info,"North Indian, Continental, Chinese, Middle Eastern, European, Fast Food, Desserts, Beverages","₹1,900 for two","Kothrud, Pune",4.6 km
Ora Skybar & Kitchen,https://www.zomato.com/pune/ora-skybar-kitchen-wakad/info,"North Indian, BBQ, Chinese, Continental, Asian, Pizza, Beverages","₹1,800 for two","Wakad, Pune",13.5 km
Trillion Restaurant And Bar,https://www.zomato.com/pune/trillion-restaurant-and-bar-kharadi/info,"Chinese, Bar Food, Salad","₹1,000 for two","Kharadi, Pune",10.6 km
Cafe Ekaant,https://www.zomato.com/pune/cafe-ekaant-kalyani-nagar/info,"Cafe, Coffee, Fast Food, Pizza, Burger, Desserts, Juices, Beverages","₹1,000 for two","Kalyani Nagar, Pune",6 km
Cafe Blu by Radisson Blu Hinjewadi,https://www.zomato.com/pune/cafe-blu-by-radisson-blu-hinjewadi-hinjawadi/info,"North Indian, South Indian, Biryani, Goan, Maharashtrian, Pizza, Desserts","₹2,900 for two","Hinjawadi, Pune",14.3 km
The Soundtrack Cafe,https://www.zomato.com/pune/the-soundtrack-cafe-pimple-nilakh/info,"Cafe, Coffee, Beverages, Continental, Italian, Fast Food","₹1,000 for two","Pimple Nilakh, Pune",10.3 km
Coco Cafe,https://www.zomato.com/pune/coco-cafe-viman-nagar/info,"Cafe, Coffee, Italian, Sandwich, Fast Food, Shake, Beverages, Desserts","₹1,200 for two","Viman Nagar, Pune",7.8 km
The Market - The Westin Pune,https://www.zomato.com/pune/the-market-the-westin-pune-mundhwa/info,"North Indian, European, Asian, Desserts","₹4,000 for two","Mundhwa, Pune",5.6 km
Hippie @ Heart,https://www.zomato.com/pune/hippie-@-heart-kothrud/info,"Continental, European, Italian, Desserts",₹950 for two,"Kothrud, Pune",4.1 km
Darshan,https://www.zomato.com/pune/darshan-baner/info,"Continental, North Indian, Chinese, Mexican, Fast Food, Desserts, Juices, Beverages",₹950 for two,"Baner, Pune",10.9 km
Urbo,https://www.zomato.com/pune/urbo-baner/info,"North Indian, Mughlai, Asian, Pizza, Italian, Chinese, Biryani, Desserts","₹2,000 for two","Baner, Pune",9.6 km
Kiko - Bar & Grill,https://www.zomato.com/pune/kiko-bar-grill-akurdi/info,"Thai, Chinese, Fast Food, Seafood, Desserts, Beverages","₹1,500 for two","Akurdi, Pune",16.5 km
Crazanto,https://www.zomato.com/pune/crazanto-viman-nagar/info,"North Indian, Continental, Italian, Desserts, Asian, Beverages",₹450 for two,"Viman Nagar, Pune
Closes in 7 minutes",8.2 km
Three Kitchens Restaurant And Bar: The Ritz-Carlton,https://www.zomato.com/pune/three-kitchens-restaurant-and-bar-the-ritz-carlton-yerawada/info,"North Indian, Biryani, Continental, Italian, Pizza, Fast Food, Desserts, Beverages","₹4,700 for two","Yerawada, Pune",5.1 km
Madéline,https://www.zomato.com/pune/mad%C3%A9line-kothrud/info,Bakery,"₹1,200 for two","Kothrud, Pune",4.2 km
The Green Spoon,https://www.zomato.com/pune/the-green-spoon-baner/info,"North Indian, Chinese, Pizza","₹1,000 for two","Baner, Pune",9.9 km
Shivlingam,https://www.zomato.com/pune/shivlingam-lavale/info,"North Indian, Continental, Italian, Chinese, Salad, Fast Food, Ice Cream","₹1,800 for two","Lavale, Pune
Closes in 7 minutes",13.2 km
Opel Kitchen Bar,https://www.zomato.com/pune/opel-kitchen-bar-wakad/info,"North Indian, Bar Food, Continental, Italian, Beverages","₹1,800 for two","Wakad, Pune",13.5 km
Downtown Club,https://www.zomato.com/pune/downtown-club-hinjawadi/info,"Italian, American, Asian, Chinese, Mexican, Modern Indian, North Indian, Beverages","₹4,000 for two","Hinjawadi, Pune",16.1 km
Two Sticks,https://www.zomato.com/pune/two-sticks-baner/info,"Chinese, Asian, Sushi","₹1,000 for two","Baner, Pune",9.3 km
Al Di La - Conrad Pune,https://www.zomato.com/pune/al-di-la-conrad-pune-bund-garden/info,"Italian, Bar Food, Desserts, Beverages","₹5,500 for two","Bund Garden Road, Pune
Opens at 5pm",3.3 km
Bird Valley,https://www.zomato.com/pune/bird-valley-wakad/info,"North Indian, Chinese, Continental, Mughlai, Kebab, Biryani, Desserts, Beverages","₹1,800 for two","Wakad, Pune",12.8 km
Qala Cafe & Co - Works,https://www.zomato.com/pune/qala-cafe-co-works-baner/info,"Cafe, Coffee, Italian, Continental, Pizza, Fast Food, Salad, Beverages","₹1,000 for two","Baner, Pune",9.6 km
Zyzzyva,https://www.zomato.com/pune/zyzzyva-magarpatta/info,"North Indian, Continental, Biryani, Italian, Desserts","₹1,200 for two","Magarpatta, Pune",7 km
Bramble,https://www.zomato.com/pune/bramble-1-hadapsar/info,"Modern Indian, Desserts, Continental, Mediterranean, Pizza, Salad, Thai, Afghan","₹1,000 for two","Hadapsar, Pune",8.2 km
Good News Dhaba,https://www.zomato.com/pune/good-news-dhaba-yerawada/info,"North Indian, Mughlai, Seafood, Biryani, Desserts, Beverages","₹1,600 for two","Yerawada, Pune",5.6 km
Asilo - The Westin Pune,https://www.zomato.com/pune/asilo-the-westin-pune-mundhwa/info,"Mediterranean, Asian, Beverages","₹3,500 for two","Mundhwa, Pune
Opens at 5pm",5.6 km
Laa Unico,https://www.zomato.com/pune/laa-unico-swargate/info,"Italian, Mexican, Continental, North Indian, Chinese, Pizza, Salad, Desserts","₹1,800 for two","Swargate, Pune",2.6 km
The Curry Club,https://www.zomato.com/pune/the-curry-club-1-hinjawadi/info,"North Indian, Maharashtrian, South Indian","₹1,200 for two","Hinjawadi, Pune
Closes in 37 minutes",15.1 km
Smoor,https://www.zomato.com/pune/smoor-viman-nagar/info,"Desserts, Bakery, Beverages",₹700 for two,"Viman Nagar, Pune",7.8 km
The Urban Foundry,https://www.zomato.com/pune/the-urban-foundry-nibm-road/info,"North Indian, Modern Indian, Desserts","₹1,800 for two","NIBM Road, Pune",7.3 km
The Paraiso,https://www.zomato.com/pune/the-paraiso-hinjawadi/info,"Continental, Chinese, North Indian, Fast Food, Alcoholic Beverages, BBQ, Desserts, Beverages","₹1,500 for two","Hinjawadi, Pune",14.1 km
Mr And Mrs Idly,https://www.zomato.com/pune/mr-and-mrs-idly-pimple-saudagar/info,South Indian,₹350 for two,"Pimple Saudagar, Pune",10.1 km
Filament Bar,https://www.zomato.com/pune/filament-bar-wakad/info,"Turkish, Middle Eastern, North Indian, Continental, Asian","₹1,800 for two","Wakad, Pune",12.1 km
Chirp,https://www.zomato.com/pune/chirp-shivaji-nagar/info,"Beverages, Asian, Continental, Healthy Food, Mexican, Middle Eastern",₹950 for two,"Shivaji Nagar, Pune",1.4 km
Burger King,https://www.zomato.com/pune/burger-king-1-hadapsar/info,"Burger, Fast Food, Beverages",₹350 for two,"Hadapsar, Pune",5.5 km
Mezza 9,https://www.zomato.com/pune/mezza--hinjawadi/info,"North Indian, Biryani, Asian, Continental, Mexican, Oriental, Seafood, Desserts","₹2,000 for two","Hinjawadi, Pune",15.3 km
Green Park,https://www.zomato.com/pune/green-park-baner/info,"North Indian, Chinese, Mughlai, Thai, Continental, Mexican, Desserts, Beverages","₹1,700 for two","Baner, Pune",6.5 km
Level 5 Bistro and Bar,https://www.zomato.com/pune/level-5-bistro-and-bar-erandwane/info,"North Indian, Asian, Continental, Middle Eastern, Mexican, Desserts, Beverages","₹1,900 for two","Erandwane, Pune",3.1 km
Sukanta,https://www.zomato.com/pune/sukanta-deccan-gymkhana/info,"North Indian, Gujarati, Maharashtrian, Street Food, Desserts, Beverages","₹1,000 for two","Deccan Gymkhana, Pune
Closes in 7 minutes",1.4 km
Bai Mu Dan,https://www.zomato.com/pune/bai-mu-dan-koregaon-park/info,"Cafe, Coffee, Tea, Healthy Food, Beverages",₹950 for two,"Koregaon Park, Pune",3.9 km
Toss Pizzeria,https://www.zomato.com/pune/toss-pizzeria-bibvewadi/info,"Pizza, Italian, Beverages, Cafe, Coffee, Fast Food",₹900 for two,"Bibvewadi, Pune",5 km
Manbhavan Premium Thali Restaurant,https://www.zomato.com/pune/manbhavan-premium-thali-restaurant-magarpatta/info,"Maharashtrian, North Indian",₹500 for two,"Magarpatta, Pune
Closes in 7 minutes",7.9 km
High Spirits,https://www.zomato.com/pune/high-spirits-mundhwa/info,"North Indian, Continental, Italian, Pasta, Pizza","₹2,000 for two","Mundhwa, Pune",5.5 km
11 East Street Cafe,https://www.zomato.com/pune/11-east-street-cafe-east-street/info,"Continental, North Indian, Chinese, Bar Food, Pizza, Sandwich, Desserts, Biryani","₹1,900 for two","East Street, Pune",2.6 km
Nilgiri All Day Dining & Cafe,https://www.zomato.com/pune/nilgiri-all-day-dining-cafe-baner/info,"Burger, Street Food, Beverages, Cafe, Cuisine Varies, Pizza","₹1,000 for two","Baner, Pune",8.9 km
Bao Story,https://www.zomato.com/pune/bao-story-1-hinjawadi/info,Asian,"₹1,200 for two","Hinjawadi, Pune",14.1 km
Game On Sports Kitchen & Bar,https://www.zomato.com/pune/game-on-sports-kitchen-bar-chinchwad/info,"Continental, North Indian, Chinese, Pizza","₹1,400 for two","Chinchwad, Pune",14.3 km
We Idliwale Barroom,https://www.zomato.com/pune/we-idliwale-barroom-balewadi/info,"South Indian, Biryani, Desserts","₹1,500 for two","Balewadi, Pune",9.9 km
Immortals Lounge Resto And Bar,https://www.zomato.com/pune/immortals-lounge-resto-and-bar-kharadi/info,"North Indian, Italian, Chinese, American, Beverages, Alcoholic Beverages, Desserts","₹1,000 for two","Kharadi, Pune",11.2 km
Hidden Place - The Hang-out,https://www.zomato.com/pune/hidden-place-the-hang-out-balewadi/info,"Fast Food, Pizza, Continental, Bar Food, Beverages","₹1,200 for two","Balewadi, Pune",10.4 km
Savya Rasa,https://www.zomato.com/pune/savya-rasa-koregaon-park/info,"South Indian, Mangalorean, Kerala, Chettinad, Biryani, Desserts, Beverages","₹2,500 for two","Koregaon Park, Pune
Opens at 7pm",3.8 km
Asia Kitchen By Mainland China,https://www.zomato.com/pune/asia-kitchen-by-mainland-china-wakad/info,"Asian, Chinese, Sushi, Thai, Japanese, Beverages","₹1,500 for two","Wakad, Pune
Closes in 7 minutes",13.6 km
Burger Craft,https://www.zomato.com/pune/burger-craft-aundh/info,"Burger, Fast Food, Desserts, Beverages",₹850 for two,"Aundh, Pune",7 km
Funny Cat Pune,https://www.zomato.com/pune/funny-cat-pune-fc-road/info,"Bar Food, Italian, Asian, Continental, Desserts, Beverages, Fast Food, Burger","₹1,500 for two","FC Road, Pune",1.4 km
Huber & Holly,https://www.zomato.com/pune/huber-holly-koregaon-park/info,"Desserts, Ice Cream, Shake, Coffee, Pasta, Sandwich, Pizza, Cake",₹800 for two,"Koregaon Park, Pune",4.8 km
Tsuki,https://www.zomato.com/pune/tsuki-koregaon-park/info,"Thai, Cantonese, Japanese, Sushi, Rolls, Desserts","₹2,500 for two","Koregaon Park, Pune
Opens at 7pm",4.8 km
The 1st Brewhouse - The Corinthians,https://www.zomato.com/pune/the-1st-brewhouse-the-corinthians-nibm-road/info,"Finger Food, North Indian, Fast Food, Beverages","₹2,500 for two","NIBM Road, Pune",9.2 km
Naadbramha Idli,https://www.zomato.com/pune/naadbramha-idli-bavdhan/info,"South Indian, Beverages",₹150 for two,"Bavdhan, Pune",7.9 km
C - Dock,https://www.zomato.com/pune/c-dock-hinjawadi/info,Bar Food,"₹1,500 for two","Hinjawadi, Pune",14.5 km
Melange Kitchen,https://www.zomato.com/pune/melange-kitchen-kharadi/info,"North Indian, Italian, Mexican, Arabian, Continental, Desserts, Beverages","₹1,200 for two","Kharadi, Pune",11.8 km
Sheri,https://www.zomato.com/pune/sheri-mundhwa/info,"Continental, North Indian, Italian, Asian, Thai, Chinese, Biryani, Desserts","₹1,700 for two","Mundhwa, Pune",10.3 km
The Wise Guys,https://www.zomato.com/pune/the-wise-guys-wakad/info,"North Indian, Chinese, Pasta, Fast Food, Bar Food, Desserts, Shake, Beverages","₹1,700 for two","Wakad, Pune
Opens in 7 minutes",14.5 km
Forest Farmer Coffee Roasters,https://www.zomato.com/pune/forest-farmer-coffee-roasters-2-senapati-bapat-road/info,"Coffee, Fast Food","₹1,100 for two","Senapati Bapat Road, Pune",3.4 km
Cha Hong Kong Eating House,https://www.zomato.com/pune/cha-hong-kong-eating-house-viman-nagar/info,"Chinese, Sushi, Japanese, Asian, Desserts, Beverages","₹1,400 for two","Viman Nagar, Pune",7.9 km
Yummy In Tummy,https://www.zomato.com/pune/yummy-in-tummy-hinjawadi/info,"North Indian, Nepalese, Momos, Fast Food, Beverages",₹200 for two,"Hinjawadi, Pune",15.6 km
Aroma's Hyderabad House,https://www.zomato.com/pune/aromas-hyderabad-house-1-hinjawadi/info,"Biryani, Kebab, North Indian, Mughlai, Seafood, Chinese, Beverages","₹1,300 for two","Hinjawadi, Pune
Closes in 37 minutes",15.2 km
Durvankur,https://www.zomato.com/pune/durvankur-sadashiv-peth/info,Maharashtrian,₹750 for two,"Sadashiv Peth, Pune
Closes in 7 minutes",1.6 km
Hotel Silver Seven,https://www.zomato.com/pune/hotel-silver-seven-akurdi/info,"Chinese, Seafood, Kebab, Asian, North Indian, Biryani, Desserts, Beverages",₹850 for two,"Akurdi, Pune",17 km
Utopia,https://www.zomato.com/pune/utopia-lonavala/info,"Mughlai, North Indian, Asian, Continental, Oriental, Biryani, Desserts","₹1,200 for two","Lonavala, Pune
Closes in 37 minutes",54.4 km
The Secret Garden,https://www.zomato.com/pune/the-secret-garden-baner/info,"Italian, Korean","₹1,000 for two","Baner, Pune",10.3 km
Ginkgo,https://www.zomato.com/pune/ginkgo-kothrud/info,"Sushi, Japanese",₹950 for two,"Kothrud, Pune
Closes in 7 minutes",5 km
Feast India Company,https://www.zomato.com/pune/feast-india-company-baner/info,"Chinese, Oriental, North Indian, Seafood, Kebab, Desserts, Beverages","₹1,400 for two","Baner, Pune
Closes in 37 minutes",10.5 km
Xero Degrees,https://www.zomato.com/pune/xero-degrees-deccan-gymkhana/info,"Cafe, Fast Food, Salad, Pizza, Burger, Waffle, Shake, Beverages",₹800 for two,"Deccan Gymkhana, Pune",1.8 km
The 3 Musketeers Pub,https://www.zomato.com/pune/the-3-musketeers-pub-viman-nagar/info,"North Indian, Continental, Oriental, Pasta","₹1,600 for two","Viman Nagar, Pune",7.8 km
Karim's - Original from Jama Masjid Delhi-6,https://www.zomato.com/pune/karims-original-from-jama-masjid-delhi-6-1-camp-area/info,"Mughlai, Rolls","₹1,000 for two","Camp Area, Pune
Closes in 52 minutes",2.2 km
House Of Veg,https://www.zomato.com/pune/house-of-veg-1-erandwane/info,"North Indian, Oriental, Continental, Pasta, Pizza, Sandwich, Desserts, Shake","₹1,000 for two","Erandwane, Pune
Closes in 22 minutes",3.4 km
The Chandralok Bar and Kitchen,https://www.zomato.com/pune/the-chandralok-bar-and-kitchen-karve-nagar/info,"North Indian, Chinese, Mughlai, Pizza, Beverages","₹1,400 for two","Karve Nagar, Pune",5 km
Intactu Lounge,https://www.zomato.com/pune/intactu-lounge-hinjawadi/info,"North Indian, Continental, European","₹1,000 for two","Hinjawadi, Pune",16.8 km
Taste Hackers,https://www.zomato.com/pune/taste-hackers-aundh/info,"Chinese, Korean, Asian, Japanese, Italian",₹400 for two,"Aundh, Pune",7.7 km
THE PLACE BREW - N - BITES,https://www.zomato.com/pune/the-place-brew-n-bites-balewadi/info,"Cafe, Coffee, Lebanese, Continental, Italian, Fast Food, Desserts, Beverages","₹1,300 for two","Balewadi, Pune",10.7 km
Scout Lounge,https://www.zomato.com/pune/scout-lounge-1-ravet/info,"North Indian, Mughlai, Biryani, Continental, Oriental, Steak, Chinese, Italian","₹1,200 for two","Ravet, Pune",18.1 km
Kleeo,https://www.zomato.com/pune/kleeo-baner/info,"Fast Food, North Indian","₹1,200 for two","Baner, Pune",8.7 km
Where Else Diner,https://www.zomato.com/pune/where-else-diner-viman-nagar/info,"Cafe, Continental, American, Parsi, Salad, Burger, Beverages",₹950 for two,"Viman Nagar, Pune",8.1 km
Butter Brews Bistro,https://www.zomato.com/pune/butter-brews-bistro-model-colony/info,"Cafe, Coffee, Continental, Salad, Sandwich, Pasta, Desserts, Beverages","₹1,100 for two","Model Colony, Pune",2.7 km
BNTR,https://www.zomato.com/pune/bntr-koregaon-park/info,"Bar Food, Fast Food","₹1,500 for two","Koregaon Park, Pune
Opens at 5pm",4.7 km
Grove Pizzeria,https://www.zomato.com/pune/grove-pizzeria-baner/info,Pizza,₹400 for two,"Baner, Pune",9.7 km
Boba Bao & Co.,https://www.zomato.com/pune/boba-bao-co-viman-nagar/info,"Korean, Chinese, Fast Food",₹350 for two,"Viman Nagar, Pune
Opens in 7 minutes",7.7 km
Fat Choy Oriental Kitchen,https://www.zomato.com/pune/fat-choy-oriental-kitchen-kharadi/info,"Asian, Sushi, Chinese, Cantonese, Seafood, Desserts","₹1,400 for two","Kharadi, Pune
Closes in 7 minutes",10.9 km
Kulcha Kulture,https://www.zomato.com/pune/kulcha-kulture-bibvewadi/info,"North Indian, Sandwich, Fast Food, Street Food, Shake, Beverages",₹500 for two,"Bibvewadi, Pune",5.1 km
Quattro Bistro,https://www.zomato.com/pune/quattro-bistro-lonavala/info,"Mexican, Pizza, Fast Food, Desserts, Italian","₹1,500 for two","Lonavala, Pune",54.3 km
Lune Cafe And Patisserie,https://www.zomato.com/pune/lune-cafe-and-patisserie-koregaon-park/info,"Cafe, Coffee, Sandwich, Fast Food, Desserts",₹500 for two,"Koregaon Park, Pune",4.9 km
Rhythm Rooftop Kitchen & Bar,https://www.zomato.com/pune/rhythm-rooftop-kitchen-bar-pimple-saudagar/info,"North Indian, Continental, Oriental, Chinese, Fast Food, Biryani","₹1,400 for two","Pimple Saudagar, Pune",11.1 km
"Frozen Bottle - Milkshakes, Desserts And Ice Cream",https://www.zomato.com/pune/frozen-bottle-milkshakes-desserts-and-ice-cream-pimple-saudagar/info,"Shake, Beverages, Desserts, Ice Cream, Waffle, Healthy Food",₹300 for two,"Pimple Saudagar, Pune",10 km
Atithi Veg,https://www.zomato.com/pune/atithi-veg-sinhgad-road/info,"North Indian, Chinese, Continental, South Indian, Fast Food, Biryani, Desserts, Beverages","₹1,000 for two","Sinhgad Road, Pune",6.6 km
Sahara - A Magical dining destination,https://www.zomato.com/pune/sahara-a-magical-dining-destination-wakad/info,North Indian,"₹1,800 for two","Wakad, Pune",12.1 km
Hotel Sandeep,https://www.zomato.com/pune/hotel-sandeep-jm-road/info,"Maharashtrian, North Indian, Chinese, Mughlai","₹1,400 for two","JM Road, Pune",1000 m
TRP - The Rooftop Project,https://www.zomato.com/pune/trp-the-rooftop-project-mg-road/info,"North Indian, Asian, Italian, Chinese, Seafood, Biryani, Salad, Desserts","₹1,400 for two","MG Road, Pune",2.4 km
Buon Cibo- The Italian Cafe,https://www.zomato.com/pune/buon-cibo-the-italian-cafe-baner/info,"Mexican, Italian, Continental, Pizza, Pasta",₹850 for two,"Baner, Pune",9.9 km
Nusara,https://www.zomato.com/pune/nusara-shivaji-nagar/info,"Asian, Sushi, Pizza, Rolls, Chinese, Seafood, Desserts, Salad","₹1,800 for two","Shivaji Nagar, Pune",1.4 km
Global Punjab,https://www.zomato.com/pune/global-punjab-wakad/info,"North Indian, Mughlai, Kebab, Seafood, Biryani, Chinese, Desserts, Beverages","₹1,100 for two","Wakad, Pune
Closes in 7 minutes",12.4 km
Aromas Cafe & Bistro,https://www.zomato.com/pune/aromas-cafe-bistro-baner/info,"Cafe, Coffee, Tea, Shake, Lebanese, Italian, Mexican, Desserts","₹1,000 for two","Baner, Pune",7.1 km
Fulfil,https://www.zomato.com/pune/fulfil-kalyani-nagar/info,"Continental, Italian, North Indian, Desserts, Bakery, Beverages","₹1,300 for two","Kalyani Nagar, Pune",6 km
Murphies - Bistro & Bar,https://www.zomato.com/pune/murphies-bistro-bar-nibm-road/info,"European, Continental, Asian, Bakery, Pasta, Coffee, Desserts, Salad","₹1,200 for two","NIBM Road, Pune",7.3 km
18 Degrees Resto Lounge,https://www.zomato.com/pune/18-degrees-resto-lounge-pimple-saudagar/info,"North Indian, Pizza, Mughlai, Beverages, Desserts, Chinese","₹2,500 for two","Pimple Saudagar, Pune",11 km
I'M Lion,https://www.zomato.com/pune/im-lion-mahalunge/info,"Seafood, Maharashtrian","₹2,000 for two","Mahalunge, Pune",10.9 km
Tasteler Cafe,https://www.zomato.com/pune/tasteler-cafe-1-hadapsar/info,"Momos, Sandwich, Beverages",₹350 for two,"Hadapsar, Pune",7.8 km
Savannah,https://www.zomato.com/pune/savannah-shivaji-nagar/info,"Continental, Beverages, Sandwich, Pizza, Pasta, Desserts","₹1,000 for two","Shivaji Nagar, Pune",1.5 km
AB's - Absolute Barbecues,https://www.zomato.com/pune/abs-absolute-barbecues-1-viman-nagar/info,"North Indian, BBQ, Biryani","₹1,650 for two","Viman Nagar, Pune
Closes in 1 hour 7 minutes",8.1 km
The Sky Kitchen & Banquets,https://www.zomato.com/pune/the-sky-kitchen-banquets-sinhgad-road/info,"North Indian, European, Continental, Beverages, Desserts","₹1,200 for two","Sinhgad Road, Pune",5.2 km
Ghevar Thali,https://www.zomato.com/pune/ghevar-thali-katraj/info,Rajasthani,₹500 for two,"Katraj, Pune
Closes in 7 minutes",7.6 km
Blue Tokai Coffee Roasters,https://www.zomato.com/pune/blue-tokai-coffee-roasters-koregaon-park/info,"Cafe, Coffee, Beverages",₹600 for two,"Koregaon Park, Pune",4.7 km
Baraza Bars & Bites,https://www.zomato.com/pune/baraza-bars-bites-yerawada/info,"Bar Food, Kebab, North Indian, Biryani, Asian, Continental, Beverages","₹1,500 for two","Yerawada, Pune",5.6 km
Zorko - Brand Of Food Lovers,https://www.zomato.com/pune/zorko-brand-of-food-lovers-1-shivaji-nagar/info,"Pizza, Pasta, Burger, Sandwich, Momos, Fast Food, Shake, Beverages",₹350 for two,"Shivaji Nagar, Pune",959 m
The Gazebo World Of Veg,https://www.zomato.com/pune/the-gazebo-world-of-veg-1-wakad/info,"North Indian, Continental, Mexican, Thai, Oriental, Italian, Desserts, Beverages",₹800 for two,"Wakad, Pune",12.3 km
Govind Garden,https://www.zomato.com/pune/govind-garden-pimple-saudagar/info,"North Indian, Chinese, Seafood, Continental, Kebab, Biryani, Mughlai, Desserts","₹1,200 for two","Pimple Saudagar, Pune",10.2 km
Dal Baati & Co.,https://www.zomato.com/pune/dal-baati-co-koregaon-park/info,"Rajasthani, Desserts, Beverages","₹1,700 for two","Koregaon Park, Pune
Closes in 37 minutes",4.3 km
Abhishek Veg Restaurant,https://www.zomato.com/pune/abhishek-veg-restaurant-erandwane/info,"North Indian, South Indian, Chinese, Fast Food, Street Food, Desserts, Beverages, Juices","₹1,200 for two","Erandwane, Pune",3.3 km
Nagpal's Chole Bhature,https://www.zomato.com/pune/nagpals-chole-bhature-nigdi/info,"North Indian, Beverages",₹450 for two,"Nigdi, Pune",17.7 km
NIPR Bar,https://www.zomato.com/pune/nipr-bar-kothrud/info,"Bar Food, North Indian, Mughlai, Chinese, Maharashtrian, Seafood, Biryani, Desserts","₹1,400 for two","Kothrud, Pune",4.6 km
Bhairavee Pure Veg Restaurant,https://www.zomato.com/pune/bhairavee-pure-veg-restaurant-baner/info,"North Indian, Chinese, Biryani","₹1,600 for two","Baner, Pune",6.6 km
Aromas Cafe & Bistro,https://www.zomato.com/pune/aromas-cafe-bistro-wakad/info,"Continental, Burger, Sandwich, Pizza, Italian, Arabian, Salad, Desserts","₹1,000 for two","Wakad, Pune",13.6 km
Cloud 99,https://www.zomato.com/pune/cloud-99-hinjawadi/info,"North Indian, Mughlai, Seafood, Italian, Japanese, Chinese, Salad, Desserts","₹1,200 for two","Hinjawadi, Pune",15.3 km
360 Degree - The Rooftop Restaurant & Bar,https://www.zomato.com/pune/360-degree-the-rooftop-restaurant-bar-jm-road/info,"Beverages, Chinese, North Indian","₹1,400 for two","JM Road, Pune",1.4 km
Banana Leaf,https://www.zomato.com/pune/banana-leaf-kalyani-nagar/info,"South Indian, North Indian, Healthy Food, Street Food, Desserts, Beverages","₹1,400 for two","Kalyani Nagar, Pune",5.5 km
Cafe Bahar By Khuzaan,https://www.zomato.com/pune/cafe-bahar-by-khuzaan-salunkhe-vihar-road/info,"Cafe, Salad, Sandwich, Parsi, Desserts, Beverages","₹1,200 for two","Salunkhe Vihar Road, Pune",6.7 km
Poetry by Love and Cheesecake,https://www.zomato.com/pune/poetry-by-love-and-cheesecake-balewadi/info,"Bakery, Desserts, Cafe, Continental, Sandwich, Beverages, Finger Food, Coffee","₹1,800 for two","Balewadi, Pune",10.3 km
Salt - Indian Restaurant Bar & Grill,https://www.zomato.com/pune/salt-indian-restaurant-bar-grill-kalyani-nagar/info,"North Indian, Biryani, Kebab","₹1,500 for two","Kalyani Nagar, Pune",6.1 km
Barbeque Nation,https://www.zomato.com/pune/barbeque-nation-hadapsar/info,"North Indian, BBQ, Biryani, Kebab, Continental, Chinese, Beverages, Desserts","₹2,100 for two","Hadapsar, Pune
Closes in 1 hour 6 minutes",8.3 km
Tony Dhaba NXT,https://www.zomato.com/pune/tony-dhaba-nxt-hinjawadi/info,"North Indian, Mughlai, Biryani, Chinese, Seafood, Kebab","₹1,200 for two","Hinjawadi, Pune",16.7 km
The Sky Dine,https://www.zomato.com/pune/the-sky-dine-viman-nagar/info,"Maharashtrian, North Indian, Mughlai, Biryani, Chinese, Desserts, Beverages","₹1,000 for two","Viman Nagar, Pune",7.9 km
Slice Of Soul,https://www.zomato.com/pune/slice-of-soul-baner/info,"Pizza, Pasta, Italian, Salad, Fast Food, Beverages",₹500 for two,"Baner, Pune",9 km
subculture,https://www.zomato.com/pune/subculture-aundh/info,"Sandwich, Burger, Fast Food, Ice Cream, Desserts, Beverages, Tibetan",₹400 for two,"Aundh, Pune",6.9 km
The Chickster-Indo American Fried Chicken,https://www.zomato.com/pune/the-chickster-indo-american-fried-chicken-nibm-road/info,"Burger, Fast Food, Wraps, American, Coffee",₹400 for two,"NIBM Road, Pune",7.3 km
The French Window Patisserie,https://www.zomato.com/pune/the-french-window-patisserie-koregaon-park/info,"Cafe, Desserts, French, Bakery, European, Shake",₹700 for two,"Koregaon Park, Pune",4.7 km
Koji - Conrad Pune,https://www.zomato.com/pune/koji-conrad-pune-bund-garden/info,"Chinese, Japanese, Thai, Asian, Sichuan","₹5,000 for two","Bund Garden Road, Pune
Closes in 6 minutes",3.1 km
The Epic Burger,https://www.zomato.com/pune/the-epic-burger-kalyani-nagar/info,"Burger, American, Fast Food, Beverages","₹1,000 for two","Kalyani Nagar, Pune",6 km
Bird Valley EXPRESS PURE VEG,https://www.zomato.com/pune/bird-valley-express-pure-veg-hinjawadi/info,"North Indian, South Indian, Kebab, Chinese, Biryani, Street Food, Desserts, Beverages",₹500 for two,"Hinjawadi, Pune
Closes in 36 minutes",14.7 km
Meghdoot's,https://www.zomato.com/pune/meghdoots-bibvewadi/info,"North Indian, Chinese, Fast Food, Biryani, Sichuan, South Indian, Desserts, Beverages","₹1,000 for two","Bibvewadi, Pune",4.8 km
Joey's Bistro,https://www.zomato.com/pune/joeys-bistro-baner/info,"European, Oriental, North Indian, Pasta, Pizza, Desserts, Beverages","₹1,000 for two","Baner, Pune",7.5 km
Tokyo Bakery,https://www.zomato.com/pune/tokyo-bakery-baner/info,"French, Bakery, Desserts",₹250 for two,"Baner, Pune",8 km
Barbeque Ville,https://www.zomato.com/pune/barbeque-ville-wakad/info,"North Indian, Desserts","₹1,600 for two","Wakad, Pune
Closes in 36 minutes",11.9 km
Dohiti,https://www.zomato.com/pune/dohiti-viman-nagar/info,"Bakery, Desserts, Fast Food, Beverages",₹500 for two,"Viman Nagar, Pune",8 km
Upsouth,https://www.zomato.com/pune/upsouth-4-wakad/info,"South Indian, Sandwich, Fast Food, Beverages",₹300 for two,"Wakad, Pune",12.9 km
Bastian Empire,https://www.zomato.com/pune/bastian-empire-koregaon-park/info,"Seafood, Asian","₹4,000 for two","Koregaon Park, Pune
Opens at 7pm",5.6 km
Ambrosios,https://www.zomato.com/pune/ambrosios-1-hinjawadi/info,North Indian,₹350 for two,"Hinjawadi, Pune",18.7 km
Houz - On the Top,https://www.zomato.com/pune/houz-on-the-top-jm-road/info,"Continental, Alcoholic Beverages, Shake, Beverages","₹1,000 for two","JM Road, Pune",1.4 km
Dorabjee & Sons,https://www.zomato.com/pune/dorabjee-sons-camp-area/info,"Parsi, Mughlai, North Indian",₹600 for two,"Camp Area, Pune",2.2 km
Springrose Restaurant And Banquets,https://www.zomato.com/pune/springrose-restaurant-and-banquets-wakad/info,"South Indian, Continental, Oriental, North Indian","₹1,200 for two","Wakad, Pune",14.3 km
SOUTHWAY COFFEE,https://www.zomato.com/pune/southway-coffee-pimple-saudagar/info,"South Indian, Pizza, Mexican, Coffee, Rolls, Fast Food, Desserts, Beverages",₹350 for two,"Pimple Saudagar, Pune",11.8 km
Third Wave Coffee,https://www.zomato.com/pune/third-wave-coffee-fc-road/info,"Cafe, Coffee, Tea, Beverages, Sandwich, Fast Food, Desserts, Pizza",₹600 for two,"FC Road, Pune",1.7 km
Banarasiya,https://www.zomato.com/pune/banarasiya-camp-area/info,"North Indian, Street Food, Beverages, Desserts","₹1,000 for two","Camp Area, Pune",2.4 km
Sattva Pure Veg,https://www.zomato.com/pune/sattva-pure-veg-baner/info,"North Indian, Chinese, Continental, Pizza, Fast Food, Kebab, Desserts, Beverages","₹1,000 for two","Baner, Pune",8.6 km
Momentt- Enrise By Sayaji,https://www.zomato.com/pune/momentt-enrise-by-sayaji-expressway/info,"North Indian, Chinese, Mughlai, Salad, Desserts, Beverages","₹1,400 for two","Expressway, Pune",14.9 km
Chopsticks Spice Malabar,https://www.zomato.com/pune/chopsticks-spice-malabar-viman-nagar/info,"Kerala, Chettinad, North Indian, Mughlai, Kebab, Chinese, Seafood, Biryani",₹950 for two,"Viman Nagar, Pune",7.8 km
Cafe Kathaa,https://www.zomato.com/pune/cafe-kathaa-fc-road/info,"Cafe, Continental, Desserts, Chinese, Salad, Italian, Fast Food, Beverages",₹850 for two,"FC Road, Pune",1.7 km
MOH Bistro & Barrels,https://www.zomato.com/pune/moh-bistro-barrels-mundhwa/info,"Continental, North Indian, Asian","₹1,400 for two","Mundhwa, Pune",7 km
Ruhmani By Hilton Garden Inn,https://www.zomato.com/pune/ruhmani-by-hilton-garden-inn-hinjawadi/info,"North Indian, Chinese, Biryani, Desserts, Beverages","₹3,000 for two","Hinjawadi, Pune",14.5 km
Bharat Bhavan,https://www.zomato.com/pune/bharat-bhavan-balewadi/info,"North Indian, Mughlai, Awadhi, Goan, Lucknowi, Kashmiri, Beverages, Desserts","₹2,000 for two","Balewadi, Pune
Closes in 36 minutes",10.4 km
Arthur's Theme,https://www.zomato.com/pune/arthurs-theme-koregaon-park/info,"European, Italian, Fast Food, Seafood, Pizza, Pasta, Desserts","₹1,800 for two","Koregaon Park, Pune",4.9 km
THE GLITTERS CAFE,https://www.zomato.com/pune/the-glitters-cafe-nibm-road/info,"Cafe, Coffee, Sandwich, Pasta, Italian, Tea, Beverages",₹800 for two,"NIBM Road, Pune",7.9 km
Quattro Bistro,https://www.zomato.com/pune/quattro-bistro-koregaon-park/info,"Italian, Mexican, Continental, Coffee","₹1,600 for two","Koregaon Park, Pune",4.8 km
Ambrozia Cafe And Patisserie,https://www.zomato.com/pune/ambrozia-cafe-and-patisserie-viman-nagar/info,"Cafe, Bakery, Sandwich, Fast Food, Desserts, Coffee, Beverages",₹500 for two,"Viman Nagar, Pune",7.6 km
Lola Cafe and Bar,https://www.zomato.com/pune/lola-cafe-and-bar-lonavala/info,"Chinese, Pizza, Fast Food, North Indian, Pasta, Italian, Bakery","₹1,200 for two","Lonavala, Pune",54.3 km
Kwality Family Resto Bar,https://www.zomato.com/pune/kwality-family-resto-bar-magarpatta/info,"North Indian, Chinese, Kebab, Mughlai, Biryani, Ice Cream, Beverages","₹1,600 for two","Magarpatta, Pune
Closes in 36 minutes",8 km
De Lush Leaf,https://www.zomato.com/pune/de-lush-leaf-baner/info,"Pizza, Panini, Salad, Healthy Food, Chinese, Wraps, Coffee, Beverages",₹750 for two,"Baner, Pune",10.1 km
Puno Advance,https://www.zomato.com/pune/puno-advance-viman-nagar/info,"North Indian, Pizza","₹1,000 for two","Viman Nagar, Pune",7.9 km
Twelve 21,https://www.zomato.com/pune/twelve-21-ravet/info,"North Indian, Fast Food, Italian, Chinese, Malwani, Desserts, Beverages","₹1,400 for two","Ravet, Pune",19.2 km
Flamingo Globally Inspired Food,https://www.zomato.com/pune/flamingo-globally-inspired-food-kothrud/info,"Asian, Mediterranean, Mexican","₹1,400 for two","Kothrud, Pune",5 km
Sky Deck,https://www.zomato.com/pune/sky-deck-bhosari/info,"North Indian, Chinese, Pasta, Fast Food, Mughlai, Desserts, Beverages","₹1,300 for two","Bhosari, Pune",16.6 km
Saanjh - An Evening Full Of Flavours,https://www.zomato.com/pune/saanjh-an-evening-full-of-flavours-viman-nagar/info,"Maharashtrian, Continental, Chinese, Biryani, Italian, Pizza, Desserts, Shake","₹1,000 for two","Viman Nagar, Pune",7.9 km
Sukhkarta Pure Veg Dining Hall,https://www.zomato.com/pune/sukhkarta-pure-veg-dining-hall-kothrud/info,"Maharashtrian, North Indian",₹750 for two,"Kothrud, Pune
Closes in 6 minutes",4.5 km
Bhadait Misal,https://www.zomato.com/pune/bhadait-misal-1-erandwane/info,"Street Food, Maharashtrian",₹150 for two,"Erandwane, Pune
Closes in 36 minutes",2.7 km
Shabree Restaurant,https://www.zomato.com/pune/shabree-restaurant-fc-road/info,"Maharashtrian, South Indian, North Indian, Fast Food, Chinese, Sandwich, Desserts, Beverages",₹950 for two,"FC Road, Pune
Closes in 6 minutes",1.6 km
Blue Nile,https://www.zomato.com/pune/blue-nile-camp-area/info,"North Indian, Mughlai, Chinese, Fast Food, Biryani, Ice Cream, Desserts, Beverages","₹2,000 for two","Camp Area, Pune",2.2 km
Nothing Before Coffee,https://www.zomato.com/pune/nothing-before-coffee-kharadi/info,"Cafe, Coffee, Fast Food, Shake, Tea, Desserts, Beverages",₹300 for two,"Kharadi, Pune",9.5 km
Dossai Flavours Of South,https://www.zomato.com/pune/dossai-flavours-of-south-baner/info,"South Indian, Beverages",₹300 for two,"Baner, Pune",7.5 km
Penthouze,https://www.zomato.com/pune/penthouze-mundhwa/info,"Continental, Italian, Finger Food","₹2,300 for two","Mundhwa, Pune
Opens at 4pm",5.7 km
We Idliwale,https://www.zomato.com/pune/we-idliwale-viman-nagar/info,South Indian,₹450 for two,"Viman Nagar, Pune",8.2 km
Pappe Di Chaap,https://www.zomato.com/pune/pappe-di-chaap-1-kharadi/info,"North Indian, Rolls, Street Food, Chinese","₹1,000 for two","Kharadi, Pune",10.9 km
Cafe From The Tree,https://www.zomato.com/pune/cafe-from-the-tree-koregaon-park/info,"Pasta, Sandwich, Cafe, Italian","₹1,000 for two","Koregaon Park, Pune",4 km
Paasha - JW Marriott Pune,https://www.zomato.com/pune/paasha-jw-marriott-pune-senapati-bapat-road/info,"North Indian, Kebab, Desserts","₹4,000 for two","Senapati Bapat Road, Pune
Opens at 6:30pm",3.2 km
Qehhwa Cafe,https://www.zomato.com/pune/qehhwa-cafe-kondhwa/info,"Cafe, Coffee, Sandwich, Desserts, Pizza, Pasta, Shake, Beverages",₹300 for two,"Kondhwa, Pune",6.4 km
Fatcook,https://www.zomato.com/pune/fatcook-baner/info,"Italian, Mexican, Oriental, Pasta, North Indian, Kebab, Desserts, Beverages",₹700 for two,"Baner, Pune
Closes in 6 minutes",9.7 km
Nieesh,https://www.zomato.com/pune/nieesh-wakad/info,"North Indian, Mexican, Italian, Oriental, Mughlai, Seafood, Chinese, Desserts","₹1,400 for two","Wakad, Pune
Opens at 6:30pm",13.4 km
George Restaurant,https://www.zomato.com/pune/george-restaurant-camp-area/info,"North Indian, Biryani, Chinese, Mughlai, Continental, Kebab, Desserts, Beverages","₹1,400 for two","Camp Area, Pune",2.4 km
Si Nonna’s - The Original Sourdough Pizza,https://www.zomato.com/pune/si-nonnas-the-original-sourdough-pizza-wakad/info,"Cafe, Italian, Pizza, Desserts","₹1,300 for two","Wakad, Pune",13.6 km
One O Eight Cafe,https://www.zomato.com/pune/one-o-eight-cafe-koregaon-park/info,"Cafe, Pizza, Continental, Italian, Bakery, Beverages","₹1,200 for two","Koregaon Park, Pune",4.8 km
Tutto Bene - Health Cafe by Little Italy,https://www.zomato.com/pune/tutto-bene-health-cafe-by-little-italy-1-bund-garden/info,"Healthy Food, Continental, Italian, Fast Food, Sandwich, Desserts, Beverages, Bakery",₹500 for two,"Bund Garden Road, Pune",3.6 km
Bawarchi,https://www.zomato.com/pune/bawarchi-aundh/info,"North Indian, Biryani","₹1,000 for two","Aundh, Pune",6.5 km
Hotel Varhadi,https://www.zomato.com/pune/hotel-varhadi-kothrud/info,North Indian,₹300 for two,"Kothrud, Pune
Closes in 36 minutes",4.5 km
The Veg Culture,https://www.zomato.com/pune/the-veg-culture-swargate/info,"North Indian, Chinese, Pizza, Italian, Mexican, Thai, Ice Cream, Beverages","₹1,200 for two","Swargate, Pune",2.7 km
Ramyun House,https://www.zomato.com/pune/ramyun-house-aundh/info,Korean,₹800 for two,"Aundh, Pune",7.7 km
Mamma Mia,https://www.zomato.com/pune/mamma-mia-bavdhan/info,"Pizza, Italian",₹600 for two,"Bavdhan, Pune",9 km
Bottle Baash Gastro Bar,https://www.zomato.com/pune/bottle-baash-gastro-bar-viman-nagar/info,"Bar Food, Fast Food, Chinese, North Indian, Beverages, Sichuan","₹1,400 for two","Viman Nagar, Pune",7.9 km
Yalla Yalla,https://www.zomato.com/pune/yalla-yalla-2-kharadi/info,"North Indian, Chinese, Mughlai","₹1,200 for two","Kharadi, Pune",11.8 km
Bell Bottom Family Resto And Lounge,https://www.zomato.com/pune/bell-bottom-family-resto-and-lounge-hinjawadi/info,"North Indian, Kebab, Chinese, Seafood, Street Food",₹500 for two,"Hinjawadi, Pune",14.9 km
Chaats And Wraps,https://www.zomato.com/pune/chaats-and-wraps-viman-nagar/info,"North Indian, Rolls, Street Food, Fast Food, Desserts, Beverages",₹600 for two,"Viman Nagar, Pune",7.6 km
Farm Paradise,https://www.zomato.com/pune/farm-paradise-mulshi/info,"Maharashtrian, North Indian, Mughlai, Seafood, Korean, Pizza, Fast Food, Desserts","₹1,000 for two","Mulshi Road, Pune",18.1 km
Madrasi Raja,https://www.zomato.com/pune/madrasi-raja-baner/info,"South Indian, Street Food, Beverages",₹200 for two,"Baner, Pune",9.4 km
Ishanya Restaurant And Bar,https://www.zomato.com/pune/ishanya-restaurant-and-bar-bhosari/info,"Italian, Seafood, Chinese, Biryani, Continental, Pizza, North Indian, Mughlai","₹1,000 for two","Bhosari, Pune",11.6 km
Cafe Edinburgh,https://www.zomato.com/pune/cafe-edinburgh-1-kharadi/info,"Pizza, Pasta, Burger, Sandwich, Fast Food",₹450 for two,"Kharadi, Pune",11.2 km
bean social,https://www.zomato.com/pune/bean-social-viman-nagar/info,"Cafe, Coffee, Desserts, Beverages, Sandwich, Bakery",₹300 for two,"Viman Nagar, Pune",7.5 km
Spice It - ibis Pune Hinjewadi,https://www.zomato.com/pune/spice-it-ibis-pune-hinjewadi-hinjawadi/info,"North Indian, Chinese, Healthy Food, Continental, Fast Food, Bar Food, Beverages","₹2,250 for two","Hinjawadi, Pune",16.9 km
6story,https://www.zomato.com/pune/6story-koregaon-park/info,"Continental, Healthy Food, Oriental, Italian, Desserts, Beverages",₹950 for two,"Koregaon Park, Pune",4.7 km
WOW! Momo,https://www.zomato.com/pune/wow-momo-aundh/info,"Momos, Chinese, Fast Food, Asian, Beverages",₹400 for two,"Aundh, Pune",7 km
Portico B4M Restaurant & Bar,https://www.zomato.com/pune/portico-b4m-restaurant-bar-jm-road/info,"North Indian, Italian, Chinese, Continental, Burger, Bar Food","₹1,500 for two","JM Road, Pune",1.2 km
Grill Wich - The Engineered Sandwich,https://www.zomato.com/pune/grill-wich-the-engineered-sandwich-sinhgad-road/info,"Fast Food, Sandwich",₹300 for two,"Sinhgad Road, Pune
Opens at 5pm",6.7 km
Loam Bistro and Artisanal Cheese,https://www.zomato.com/pune/loam-bistro-and-artisanal-cheese-kalyani-nagar/info,"Coffee, Continental",₹800 for two,"Kalyani Nagar, Pune",5.8 km
Apache High Street,https://www.zomato.com/pune/apache-high-street-baner/info,"Finger Food, Continental, Salad","₹1,300 for two","Baner, Pune",10.2 km
KarolBaug- Dawat-E-Mehfil,https://www.zomato.com/pune/karolbaug-dawat-e-mehfil-aundh/info,"North Indian, Seafood, Chinese, Mughlai, Kebab","₹1,100 for two","Aundh, Pune",7.6 km
